actual, predict
120.012 , 137.280421383648
752.307 , 1706.2554083045
166.997 , 192.94388317757
199.77 , 192.94388317757
166.679 , 192.94388317757
171.684 , 255.266391566265
199.975 , 255.266391566265
267.551 , 255.266391566265
200.311 , 255.266391566265
226.739 , 255.266391566265
318.349 , 255.266391566265
238.468 , 255.266391566265
106.364 , 137.280421383648
421.819 , 1706.2554083045
125.993 , 137.280421383648
132.929 , 137.280421383648
166.802 , 137.280421383648
176.492 , 192.94388317757
175.902 , 192.94388317757
199.601 , 192.94388317757
252.813 , 192.94388317757
202.147 , 293.244130434783
225.245 , 293.244130434783
220.744 , 293.244130434783
217.668 , 293.244130434783
270.462 , 293.244130434783
2538.94 , 1706.2554083045
266.188 , 293.244130434783
398.347 , 293.244130434783
150.166 , 196.009533632287
160.454 , 196.009533632287
200.735 , 196.009533632287
302.957 , 263.112716981132
1767.2 , 1706.2554083045
228.533 , 263.112716981132
226.306 , 325.346573170732
240.11 , 325.346573170732
233.592 , 325.346573170732
399.515 , 325.346573170732
297.772 , 325.346573170732
407.302 , 325.346573170732
152.67 , 196.009533632287
255.245 , 196.009533632287
202.767 , 263.112716981132
197.777 , 263.112716981132
195.378 , 263.112716981132
214.015 , 263.112716981132
363.484 , 361.769375796178
392.313 , 361.769375796178
2465.14 , 1706.2554083045
3143.16 , 1706.2554083045
1497.51 , 2916.34506550218
187.258 , 263.338683544304
255.081 , 263.338683544304
202.995 , 263.338683544304
283.856 , 263.338683544304
218.676 , 328.673266272189
335.718 , 328.673266272189
273.927 , 328.673266272189
241.809 , 328.673266272189
2445.99 , 2916.34506550218
289.847 , 392.59405
311.805 , 392.59405
446.979 , 392.59405
299.206 , 426.559079268293
516.47 , 426.559079268293
3474.53 , 2916.34506550218
298.251 , 263.338683544304
231.412 , 263.338683544304
349.351 , 263.338683544304
218.675 , 263.338683544304
258.668 , 263.338683544304
2133.63 , 2916.34506550218
336.087 , 263.338683544304
378.01 , 328.673266272189
314.547 , 392.59405
321.552 , 426.559079268293
311.18 , 426.559079268293
516.609 , 426.559079268293
368.906 , 426.559079268293
568.507 , 426.559079268293
375.799 , 426.559079268293
395.495 , 426.559079268293
336.461 , 263.338683544304
252.89 , 263.338683544304
393.502 , 263.338683544304
2455.11 , 2916.34506550218
406.849 , 263.338683544304
270.308 , 328.673266272189
3594.93 , 2916.34506550218
338.504 , 392.59405
498.192 , 392.59405
537.286 , 392.59405
357.218 , 426.559079268293
105.588 , 137.280421383648
121.597 , 137.280421383648
127.142 , 137.280421383648
121.07 , 137.280421383648
125.228 , 137.280421383648
146.784 , 137.280421383648
129.799 , 192.94388317757
167.785 , 192.94388317757
153.049 , 192.94388317757
1144.55 , 1706.2554083045
224.144 , 192.94388317757
262.706 , 255.266391566265
249.395 , 255.266391566265
114.311 , 137.280421383648
107.551 , 137.280421383648
212.401 , 192.94388317757
1470.35 , 1706.2554083045
313.291 , 293.244130434783
2119.53 , 1706.2554083045
226.023 , 293.244130434783
239.354 , 293.244130434783
267.323 , 293.244130434783
415.492 , 293.244130434783
127.61 , 196.009533632287
815.889 , 1706.2554083045
159.025 , 196.009533632287
201.324 , 196.009533632287
1447.24 , 1706.2554083045
213.123 , 263.112716981132
264.618 , 263.112716981132
231.435 , 263.112716981132
239.889 , 263.112716981132
256.007 , 325.346573170732
2214.46 , 1706.2554083045
285.467 , 325.346573170732
430.039 , 325.346573170732
159.551 , 196.009533632287
211.581 , 196.009533632287
264.735 , 196.009533632287
282.648 , 263.112716981132
242.626 , 263.112716981132
322.799 , 263.112716981132
345.749 , 263.112716981132
242.904 , 361.769375796178
280.276 , 361.769375796178
446.562 , 361.769375796178
274.732 , 361.769375796178
327.131 , 361.769375796178
321.479 , 361.769375796178
323.724 , 361.769375796178
471.513 , 361.769375796178
205.503 , 263.338683544304
1493.91 , 2916.34506550218
1790.65 , 2916.34506550218
282.785 , 263.338683544304
2124.84 , 2916.34506550218
311.333 , 392.59405
429.939 , 392.59405
320.859 , 426.559079268293
322.273 , 426.559079268293
209.907 , 263.338683544304
295.642 , 263.338683544304
317.772 , 263.338683544304
257.837 , 263.338683544304
243.058 , 263.338683544304
273.712 , 263.338683544304
269.317 , 328.673266272189
417.606 , 328.673266272189
301.949 , 392.59405
323.335 , 392.59405
349.052 , 426.559079268293
3620.31 , 2916.34506550218
2234.17 , 2916.34506550218
2541.8 , 2916.34506550218
417.659 , 328.673266272189
492.028 , 328.673266272189
322.834 , 328.673266272189
3229.5 , 2916.34506550218
384.361 , 392.59405
558.172 , 392.59405
360.747 , 426.559079268293
375.55 , 426.559079268293
609.012 , 426.559079268293
108.019 , 137.280421383648
419.864 , 1706.2554083045
137.908 , 137.280421383648
131.693 , 192.94388317757
163.19 , 192.94388317757
170.091 , 192.94388317757
227.329 , 192.94388317757
181.736 , 192.94388317757
2122.92 , 1706.2554083045
272.467 , 255.266391566265
122.076 , 137.280421383648
133.079 , 137.280421383648
188.903 , 192.94388317757
208.027 , 192.94388317757
352.863 , 293.244130434783
269.112 , 293.244130434783
2464.67 , 1706.2554083045
1104.36 , 1706.2554083045
1156.18 , 1706.2554083045
233.27 , 263.112716981132
229.862 , 263.112716981132
206.63 , 263.112716981132
238.374 , 263.112716981132
1839.22 , 1706.2554083045
2521.28 , 1706.2554083045
307.449 , 325.346573170732
460.871 , 325.346573170732
204.932 , 196.009533632287
214.334 , 196.009533632287
340.979 , 263.112716981132
207.222 , 263.112716981132
280.749 , 263.112716981132
354.056 , 263.112716981132
346.068 , 263.112716981132
263.798 , 263.112716981132
282.014 , 361.769375796178
287.342 , 361.769375796178
269.508 , 361.769375796178
297.565 , 361.769375796178
2807.56 , 1706.2554083045
315.504 , 361.769375796178
443.311 , 361.769375796178
508.357 , 361.769375796178
336.102 , 361.769375796178
245.441 , 295.992133757962
341.886 , 295.992133757962
219.479 , 295.992133757962
235.483 , 295.992133757962
286.912 , 359.319030487805
298.073 , 392.59405
336.024 , 457.154304878049
518.091 , 457.154304878049
207.573 , 295.992133757962
1856.03 , 2916.34506550218
322.113 , 295.992133757962
2190.03 , 2916.34506550218
273.526 , 359.319030487805
2811.89 , 2916.34506550218
352.216 , 359.319030487805
2869.16 , 2916.34506550218
353.7 , 457.154304878049
2579.52 , 2916.34506550218
535.374 , 359.319030487805
328.92 , 392.59405
523.376 , 392.59405
579.897 , 392.59405
372.474 , 457.154304878049
601.139 , 457.154304878049
438.197 , 457.154304878049
464.278 , 457.154304878049
451.286 , 1706.2554083045
251.528 , 192.94388317757
165.955 , 192.94388317757
201.221 , 192.94388317757
253.075 , 192.94388317757
1533.49 , 1706.2554083045
281.154 , 255.266391566265
211.266 , 255.266391566265
233.955 , 255.266391566265
384.327 , 255.266391566265
123.445 , 137.280421383648
141.922 , 137.280421383648
148.881 , 137.280421383648
232.722 , 137.280421383648
259.183 , 192.94388317757
196.035 , 192.94388317757
223.307 , 192.94388317757
287.771 , 293.244130434783
211.785 , 293.244130434783
366.057 , 293.244130434783
2292.28 , 1706.2554083045
2272.78 , 1706.2554083045
310.072 , 293.244130434783
344.488 , 293.244130434783
2657.13 , 1706.2554083045
2576.1 , 1706.2554083045
202.096 , 196.009533632287
245.454 , 196.009533632287
1582.81 , 1706.2554083045
1517.47 , 1706.2554083045
289.1 , 263.112716981132
241.374 , 263.112716981132
1920.95 , 1706.2554083045
428.414 , 325.346573170732
2580.18 , 1706.2554083045
417.074 , 325.346573170732
2618.16 , 1706.2554083045
338.491 , 325.346573170732
427.422 , 325.346573170732
322.177 , 325.346573170732
2980.11 , 1706.2554083045
1172.75 , 1706.2554083045
308.79 , 196.009533632287
1523.65 , 1706.2554083045
222.833 , 196.009533632287
1934.89 , 1706.2554083045
302.065 , 263.112716981132
284.129 , 263.112716981132
317.313 , 361.769375796178
300.05 , 361.769375796178
382.72 , 361.769375796178
425.78 , 361.769375796178
357.881 , 361.769375796178
268 , 295.992133757962
226.495 , 295.992133757962
322.337 , 295.992133757962
260.416 , 295.992133757962
297.679 , 295.992133757962
246.506 , 295.992133757962
1923.74 , 2916.34506550218
353.063 , 359.319030487805
2636.51 , 2916.34506550218
385.826 , 359.319030487805
2630.33 , 2916.34506550218
330.953 , 392.59405
375.195 , 392.59405
517.198 , 392.59405
334.266 , 457.154304878049
505.488 , 457.154304878049
374.027 , 457.154304878049
340.159 , 295.992133757962
289.429 , 295.992133757962
378.251 , 295.992133757962
278.207 , 295.992133757962
425.3 , 295.992133757962
386.258 , 359.319030487805
301.099 , 359.319030487805
2998.15 , 2916.34506550218
651.398 , 457.154304878049
549.431 , 457.154304878049
295.097 , 295.992133757962
248.563 , 295.992133757962
285.02 , 295.992133757962
439.724 , 295.992133757962
468.255 , 295.992133757962
427.269 , 295.992133757962
342.977 , 359.319030487805
478.935 , 359.319030487805
291.082 , 359.319030487805
467.04 , 359.319030487805
380.531 , 359.319030487805
404.244 , 359.319030487805
561.329 , 359.319030487805
514.055 , 359.319030487805
597.641 , 457.154304878049
415.119 , 457.154304878049
3991.87 , 2916.34506550218
636.657 , 457.154304878049
444.1 , 457.154304878049
430.014 , 1718.13431118881
106.113 , 153.291351851852
766.649 , 1718.13431118881
201.456 , 227.036240963855
224.217 , 227.036240963855
282.952 , 253.514355828221
315.402 , 253.514355828221
217.857 , 253.514355828221
123.114 , 153.291351851852
111.783 , 153.291351851852
755.845 , 1718.13431118881
159.659 , 153.291351851852
143.21 , 153.291351851852
159.326 , 194.13046835443
1093.25 , 1718.13431118881
199.575 , 194.13046835443
174.024 , 227.036240963855
189.148 , 227.036240963855
239.464 , 227.036240963855
185.38 , 227.036240963855
279.601 , 291.268790123457
296.932 , 291.268790123457
239.01 , 291.268790123457
318.465 , 291.268790123457
364.335 , 291.268790123457
388.281 , 291.268790123457
790.322 , 1718.13431118881
160.375 , 153.291351851852
152.787 , 153.291351851852
1111.95 , 1718.13431118881
173.847 , 194.13046835443
187.174 , 194.13046835443
254.868 , 194.13046835443
195.449 , 227.036240963855
221.306 , 291.268790123457
322.406 , 291.268790123457
2107.13 , 1718.13431118881
360.746 , 291.268790123457
436.101 , 291.268790123457
431.754 , 291.268790123457
160.858 , 231.212197452229
166.661 , 231.212197452229
177.144 , 231.212197452229
1434.01 , 1718.13431118881
246.171 , 304.557625498008
225.404 , 304.557625498008
241.005 , 304.557625498008
248.894 , 304.557625498008
274.095 , 304.557625498008
2886.91 , 1718.13431118881
430.263 , 505.942412790697
289.353 , 304.557625498008
297.07 , 304.557625498008
321.544 , 304.557625498008
175.41 , 262.227329268293
1442.06 , 2871.18581497797
1846.37 , 2871.18581497797
349.363 , 262.227329268293
321.515 , 262.227329268293
245.238 , 304.557625498008
3245.92 , 2871.18581497797
481.616 , 505.942412790697
365.929 , 304.557625498008
295.698 , 297.348006060606
312.831 , 297.348006060606
227.905 , 297.348006060606
246.634 , 297.348006060606
256.964 , 297.348006060606
299.499 , 356.948366412214
437.114 , 505.942412790697
264.773 , 356.948366412214
290.211 , 356.948366412214
3241.05 , 2871.18581497797
441.648 , 466.545519125683
457.298 , 466.545519125683
526.084 , 466.545519125683
3812.89 , 2871.18581497797
581.69 , 505.942412790697
247.558 , 330.23019047619
324.106 , 330.23019047619
242.537 , 330.23019047619
2549.32 , 2871.18581497797
2806.68 , 2871.18581497797
3245.85 , 2871.18581497797
297.809 , 356.948366412214
380.708 , 356.948366412214
3951.83 , 2871.18581497797
346.012 , 356.948366412214
349.562 , 356.948366412214
369.28 , 356.948366412214
372.552 , 356.948366412214
578.911 , 466.545519125683
427.549 , 1718.13431118881
128.741 , 153.291351851852
126.878 , 194.13046835443
183.469 , 194.13046835443
183.195 , 253.514355828221
1462.06 , 1718.13431118881
210.081 , 253.514355828221
233.151 , 253.514355828221
105.778 , 153.291351851852
116.207 , 153.291351851852
223.347 , 194.13046835443
223.879 , 194.13046835443
213.051 , 291.268790123457
2165.93 , 1718.13431118881
376.184 , 291.268790123457
2510.08 , 1718.13431118881
385.01 , 291.268790123457
154.05 , 153.291351851852
185.618 , 194.13046835443
282.709 , 194.13046835443
2166.22 , 1718.13431118881
250.757 , 291.268790123457
2460.75 , 1718.13431118881
376.722 , 291.268790123457
242.797 , 291.268790123457
386.466 , 291.268790123457
2866.13 , 1718.13431118881
2919.66 , 1718.13431118881
161.88 , 231.212197452229
176.664 , 231.212197452229
1172.65 , 1718.13431118881
1450.49 , 1718.13431118881
272.76 , 231.212197452229
179.068 , 231.212197452229
286.289 , 231.212197452229
293.637 , 231.212197452229
203.349 , 231.212197452229
2125.26 , 1718.13431118881
275.224 , 304.557625498008
2912.27 , 1718.13431118881
311.659 , 304.557625498008
3261.66 , 1718.13431118881
510.83 , 505.942412790697
243.022 , 262.227329268293
264.987 , 262.227329268293
283.565 , 262.227329268293
233.541 , 262.227329268293
284.616 , 304.557625498008
403.028 , 505.942412790697
386.912 , 505.942412790697
266.113 , 304.557625498008
299.336 , 304.557625498008
327.239 , 304.557625498008
311.901 , 304.557625498008
535.335 , 505.942412790697
203.472 , 297.348006060606
197.454 , 297.348006060606
1847.11 , 2871.18581497797
348.323 , 297.348006060606
389.025 , 297.348006060606
423.914 , 297.348006060606
289.785 , 356.948366412214
511.503 , 505.942412790697
601.839 , 505.942412790697
220.654 , 330.23019047619
312.258 , 330.23019047619
330.074 , 330.23019047619
302.158 , 356.948366412214
312.586 , 356.948366412214
3620.05 , 2871.18581497797
390.729 , 356.948366412214
375.522 , 356.948366412214
4267.32 , 2871.18581497797
143.214 , 194.13046835443
129.219 , 194.13046835443
158.731 , 194.13046835443
170.224 , 227.036240963855
156.205 , 227.036240963855
1100.7 , 1718.13431118881
1125.9 , 1718.13431118881
175.821 , 253.514355828221
204.863 , 253.514355828221
1466.11 , 1718.13431118881
287.895 , 253.514355828221
315.083 , 253.514355828221
215.441 , 253.514355828221
330.873 , 253.514355828221
251.03 , 253.514355828221
2149.39 , 1718.13431118881
349.823 , 253.514355828221
373.811 , 253.514355828221
121.345 , 153.291351851852
460.356 , 1718.13431118881
162.73 , 153.291351851852
170.375 , 153.291351851852
202.669 , 153.291351851852
193.105 , 194.13046835443
223.872 , 194.13046835443
246.698 , 194.13046835443
1098.6 , 1718.13431118881
1863.57 , 1718.13431118881
205.516 , 325.233184713376
198.633 , 325.233184713376
215.78 , 325.233184713376
231.632 , 325.233184713376
2123.17 , 1718.13431118881
389.928 , 325.233184713376
362.41 , 325.233184713376
165.527 , 153.291351851852
150.608 , 153.291351851852
202.596 , 153.291351851852
183.711 , 153.291351851852
234.35 , 153.291351851852
272.811 , 194.13046835443
294.091 , 194.13046835443
176.67 , 194.13046835443
1496.06 , 1718.13431118881
229.301 , 227.036240963855
1780.22 , 1718.13431118881
284.472 , 227.036240963855
302.946 , 227.036240963855
255.227 , 325.233184713376
223.047 , 325.233184713376
364.92 , 325.233184713376
315.622 , 325.233184713376
438.41 , 325.233184713376
206.33 , 231.212197452229
234.935 , 231.212197452229
191.84 , 231.212197452229
253.103 , 231.212197452229
284.64 , 231.212197452229
254.938 , 304.557625498008
252.769 , 304.557625498008
324.958 , 466.545519125683
423.763 , 505.942412790697
320.645 , 304.557625498008
2868.69 , 1718.13431118881
334.34 , 304.557625498008
476.373 , 466.545519125683
3153.06 , 1718.13431118881
316.313 , 262.227329268293
285.678 , 262.227329268293
252.565 , 262.227329268293
259.83 , 262.227329268293
310.95 , 304.557625498008
2576.68 , 2871.18581497797
246.612 , 304.557625498008
337.282 , 304.557625498008
468.579 , 505.942412790697
304.474 , 304.557625498008
348.489 , 304.557625498008
3541.63 , 2871.18581497797
387.016 , 297.348006060606
232.258 , 297.348006060606
245.889 , 297.348006060606
2133.17 , 2871.18581497797
283.859 , 297.348006060606
426.502 , 297.348006060606
2529.51 , 2871.18581497797
325.294 , 356.948366412214
512.519 , 505.942412790697
536.471 , 505.942412790697
3540.49 , 2871.18581497797
274.157 , 330.23019047619
405.614 , 330.23019047619
406.876 , 330.23019047619
2871.17 , 2871.18581497797
492.204 , 330.23019047619
344.941 , 356.948366412214
3208.46 , 2871.18581497797
368.301 , 356.948366412214
354.487 , 356.948366412214
615.88 , 505.942412790697
411.667 , 356.948366412214
137.169 , 153.291351851852
121.714 , 153.291351851852
146.253 , 194.13046835443
151.422 , 194.13046835443
1525.43 , 1718.13431118881
233.949 , 253.514355828221
388.501 , 253.514355828221
2210.16 , 1718.13431118881
499.11 , 1718.13431118881
131.33 , 153.291351851852
146.482 , 153.291351851852
170.991 , 153.291351851852
212.739 , 153.291351851852
325.553 , 227.036240963855
299.492 , 325.233184713376
289.659 , 325.233184713376
267.01 , 325.233184713376
381.175 , 325.233184713376
292.981 , 325.233184713376
176.652 , 153.291351851852
141.739 , 153.291351851852
168.023 , 153.291351851852
219.003 , 153.291351851852
288.886 , 227.036240963855
293.491 , 325.233184713376
383.638 , 325.233184713376
263.374 , 325.233184713376
338.204 , 325.233184713376
475.461 , 325.233184713376
460.094 , 325.233184713376
368.801 , 325.233184713376
187.235 , 231.212197452229
196.697 , 231.212197452229
270.757 , 231.212197452229
196.668 , 231.212197452229
284.148 , 231.212197452229
292.268 , 231.212197452229
261.817 , 231.212197452229
244.236 , 231.212197452229
1874.76 , 1718.13431118881
292.132 , 304.557625498008
241.046 , 304.557625498008
311.549 , 304.557625498008
326.379 , 304.557625498008
370.111 , 304.557625498008
507.552 , 505.942412790697
220.991 , 262.227329268293
383.709 , 262.227329268293
300.002 , 262.227329268293
273.512 , 262.227329268293
378.046 , 262.227329268293
2581.91 , 2871.18581497797
300.527 , 304.557625498008
361.36 , 304.557625498008
3340.7 , 2871.18581497797
320.287 , 304.557625498008
311.306 , 304.557625498008
510.131 , 505.942412790697
399.705 , 304.557625498008
602.584 , 505.942412790697
383.972 , 304.557625498008
3686.21 , 2871.18581497797
2633.06 , 2871.18581497797
355.633 , 356.948366412214
385.867 , 356.948366412214
604.849 , 505.942412790697
335.104 , 356.948366412214
547.3 , 466.545519125683
370.923 , 356.948366412214
360.403 , 356.948366412214
4039.04 , 2871.18581497797
593.803 , 466.545519125683
330.011 , 330.23019047619
430.451 , 330.23019047619
2649.47 , 2871.18581497797
351.591 , 356.948366412214
553.105 , 466.545519125683
655.096 , 505.942412790697
361.163 , 356.948366412214
101.789 , 137.066315476191
416.52 , 1718.61710380623
430.928 , 1718.61710380623
126.927 , 192.264373271889
777.809 , 1718.61710380623
160.052 , 192.264373271889
173.812 , 192.264373271889
161.649 , 192.264373271889
176.019 , 253.771094936709
173.899 , 253.771094936709
1427.31 , 1718.61710380623
1830.23 , 1718.61710380623
213.105 , 253.771094936709
345.461 , 253.771094936709
100.444 , 137.066315476191
159.495 , 137.066315476191
137.698 , 137.066315476191
1104.4 , 1718.61710380623
241.937 , 192.264373271889
194.679 , 292.589049689441
226.557 , 292.589049689441
1784.78 , 1718.61710380623
238.942 , 292.589049689441
2119.95 , 1718.61710380623
333.928 , 292.589049689441
359.453 , 292.589049689441
373.557 , 292.589049689441
761.665 , 1718.61710380623
201.242 , 195.407679245283
190.021 , 261.985205607477
197.433 , 261.985205607477
280.996 , 261.985205607477
2190.42 , 1718.61710380623
2536.14 , 1718.61710380623
267.186 , 326.010863095238
2884.46 , 1718.61710380623
2801.69 , 1718.61710380623
174.832 , 195.407679245283
254.862 , 195.407679245283
186.934 , 195.407679245283
1454.18 , 1718.61710380623
304.61 , 261.985205607477
210.115 , 261.985205607477
1786.92 , 1718.61710380623
323.363 , 261.985205607477
2110.61 , 1718.61710380623
336.164 , 261.985205607477
244.475 , 361.158646341464
256.732 , 361.158646341464
273.227 , 361.158646341464
457.451 , 361.158646341464
172.476 , 267.685272151899
187.884 , 267.685272151899
214.38 , 299.615763975155
229.336 , 299.615763975155
224.937 , 328.357714285714
403.909 , 390.517708074534
400.891 , 390.517708074534
339.504 , 390.517708074534
315.341 , 390.517708074534
486.267 , 390.517708074534
525.007 , 390.517708074534
481.017 , 390.517708074534
195.79 , 267.685272151899
323.105 , 299.615763975155
343.236 , 299.615763975155
2537.45 , 2877.45761904762
303.602 , 425.630603550296
339.52 , 425.630603550296
3591.76 , 2877.45761904762
326.457 , 425.630603550296
227.647 , 267.685272151899
241.138 , 267.685272151899
358.121 , 267.685272151899
242.199 , 299.615763975155
269.262 , 299.615763975155
437.056 , 328.357714285714
290.333 , 328.357714285714
314.13 , 328.357714285714
446.717 , 358.251373417721
322.615 , 358.251373417721
3122.96 , 2877.45761904762
474.071 , 358.251373417721
342.221 , 358.251373417721
3143.68 , 2877.45761904762
524.842 , 457.04696875
311.187 , 457.04696875
371.027 , 457.04696875
567.138 , 457.04696875
561.797 , 457.04696875
4155 , 2877.45761904762
133.363 , 192.264373271889
168.072 , 192.264373271889
195.721 , 253.771094936709
353.094 , 253.771094936709
263.646 , 253.771094936709
121.584 , 137.066315476191
116.806 , 137.066315476191
133.889 , 137.066315476191
200.937 , 192.264373271889
235.587 , 192.264373271889
254.171 , 192.264373271889
210.481 , 192.264373271889
264.339 , 192.264373271889
305.259 , 292.589049689441
255.27 , 292.589049689441
178.019 , 195.407679245283
134.914 , 195.407679245283
787.858 , 1718.61710380623
156.75 , 195.407679245283
183.21 , 195.407679245283
228.511 , 195.407679245283
161.27 , 195.407679245283
255.835 , 261.985205607477
202.155 , 261.985205607477
209.18 , 261.985205607477
226.498 , 261.985205607477
219.376 , 261.985205607477
1854.94 , 1718.61710380623
329.732 , 261.985205607477
376.292 , 326.010863095238
419.227 , 326.010863095238
1113.68 , 1718.61710380623
187.25 , 195.407679245283
254.744 , 195.407679245283
1484.38 , 1718.61710380623
1862.61 , 1718.61710380623
342.804 , 261.985205607477
256.695 , 361.158646341464
297.329 , 361.158646341464
490.435 , 361.158646341464
3217.51 , 1718.61710380623
185.756 , 267.685272151899
187.367 , 267.685272151899
272.275 , 267.685272151899
256.64 , 267.685272151899
202.139 , 267.685272151899
316.64 , 299.615763975155
1836.7 , 2877.45761904762
1875.13 , 2877.45761904762
258.305 , 328.357714285714
227.837 , 328.357714285714
423.363 , 358.251373417721
2799.9 , 2877.45761904762
456.472 , 390.517708074534
325.152 , 390.517708074534
3473.99 , 2877.45761904762
311.714 , 390.517708074534
339.86 , 390.517708074534
215.424 , 267.685272151899
238.627 , 299.615763975155
323.119 , 299.615763975155
390.173 , 328.357714285714
403.401 , 358.251373417721
431.857 , 358.251373417721
317.373 , 425.630603550296
537.468 , 425.630603550296
409.913 , 425.630603550296
245.767 , 267.685272151899
243.372 , 299.615763975155
312.174 , 358.251373417721
514.463 , 358.251373417721
366.755 , 457.04696875
371.706 , 457.04696875
4313.77 , 2877.45761904762
193.63 , 253.771094936709
260.501 , 253.771094936709
272.968 , 253.771094936709
302.21 , 253.771094936709
204.561 , 253.771094936709
228.019 , 253.771094936709
1804.9 , 1718.61710380623
259.633 , 253.771094936709
358.857 , 253.771094936709
467.085 , 1718.61710380623
143.496 , 137.066315476191
203.022 , 192.264373271889
249.627 , 192.264373271889
226.309 , 192.264373271889
274.192 , 192.264373271889
223.829 , 292.589049689441
278.686 , 292.589049689441
302.92 , 292.589049689441
244.906 , 292.589049689441
150.662 , 195.407679245283
164.176 , 195.407679245283
172.644 , 195.407679245283
184.375 , 195.407679245283
208.056 , 261.985205607477
251.554 , 261.985205607477
255.548 , 326.010863095238
262.522 , 326.010863095238
289.078 , 326.010863095238
2177.82 , 1718.61710380623
361.737 , 326.010863095238
2570.55 , 1718.61710380623
282.506 , 326.010863095238
178.974 , 195.407679245283
231.004 , 195.407679245283
252.958 , 195.407679245283
225.678 , 195.407679245283
1526.49 , 1718.61710380623
260.015 , 195.407679245283
277.906 , 195.407679245283
238.894 , 261.985205607477
263.84 , 261.985205607477
363.173 , 261.985205607477
303.085 , 361.158646341464
324.338 , 361.158646341464
3268.12 , 1718.61710380623
444.414 , 361.158646341464
339.79 , 361.158646341464
177.245 , 267.685272151899
212.082 , 267.685272151899
237.676 , 267.685272151899
207.539 , 299.615763975155
355.675 , 299.615763975155
281.282 , 328.357714285714
231.147 , 328.357714285714
2128.96 , 2877.45761904762
399.364 , 328.357714285714
283.132 , 358.251373417721
291.34 , 358.251373417721
443.585 , 358.251373417721
315.95 , 390.517708074534
351.853 , 390.517708074534
336 , 390.517708074534
487.467 , 390.517708074534
3616.98 , 2877.45761904762
351.818 , 390.517708074534
519.749 , 390.517708074534
231.892 , 267.685272151899
224.508 , 299.615763975155
264.215 , 299.615763975155
257.096 , 328.357714285714
325.036 , 328.357714285714
405.295 , 328.357714285714
439.452 , 358.251373417721
3974.95 , 2877.45761904762
246.937 , 267.685272151899
2142.69 , 2877.45761904762
349.283 , 267.685272151899
266.162 , 267.685272151899
279.252 , 299.615763975155
256.886 , 299.615763975155
393.12 , 299.615763975155
2533.16 , 2877.45761904762
439.156 , 328.357714285714
305.962 , 358.251373417721
488.418 , 358.251373417721
411.704 , 457.04696875
3546.26 , 2877.45761904762
532.237 , 457.04696875
387.795 , 457.04696875
396.436 , 457.04696875
671.525 , 457.04696875
124.207 , 137.066315476191
124.203 , 137.066315476191
141.261 , 137.066315476191
472.012 , 1718.61710380623
157.981 , 192.264373271889
194.277 , 192.264373271889
192.495 , 192.264373271889
1173 , 1718.61710380623
258.641 , 253.771094936709
273.189 , 253.771094936709
216.641 , 253.771094936709
266.638 , 253.771094936709
277.882 , 253.771094936709
2249.17 , 1718.61710380623
364.021 , 253.771094936709
338.399 , 253.771094936709
164.997 , 137.066315476191
198.242 , 192.264373271889
228.045 , 192.264373271889
170.696 , 192.264373271889
189.114 , 192.264373271889
375.279 , 292.589049689441
237.988 , 292.589049689441
245.153 , 292.589049689441
384.77 , 292.589049689441
418.728 , 292.589049689441
243.223 , 292.589049689441
266.773 , 292.589049689441
814.458 , 1718.61710380623
197.3 , 195.407679245283
185.444 , 195.407679245283
219.357 , 195.407679245283
248.417 , 261.985205607477
262.217 , 261.985205607477
349.859 , 261.985205607477
381.927 , 261.985205607477
280.106 , 261.985205607477
292.974 , 326.010863095238
287.014 , 326.010863095238
2933.21 , 1718.61710380623
461.291 , 326.010863095238
509.646 , 326.010863095238
222.621 , 195.407679245283
238.794 , 195.407679245283
1585.58 , 1718.61710380623
260.787 , 195.407679245283
292.248 , 261.985205607477
248.479 , 261.985205607477
314.86 , 361.158646341464
383.148 , 361.158646341464
2996.76 , 1718.61710380623
289.379 , 361.158646341464
353.062 , 361.158646341464
506.919 , 361.158646341464
304.731 , 299.615763975155
386.912 , 328.357714285714
430.355 , 328.357714285714
2283.22 , 2877.45761904762
264.234 , 358.251373417721
422.343 , 358.251373417721
2933.98 , 2877.45761904762
466.397 , 390.517708074534
2984.98 , 2877.45761904762
562.855 , 390.517708074534
385.583 , 267.685272151899
331.591 , 267.685272151899
1935.62 , 2877.45761904762
296.023 , 299.615763975155
305.556 , 328.357714285714
351.019 , 328.357714285714
340.351 , 358.251373417721
476.303 , 358.251373417721
330.465 , 358.251373417721
360.984 , 425.630603550296
511.207 , 425.630603550296
459.111 , 425.630603550296
403.104 , 425.630603550296
654.309 , 425.630603550296
517.576 , 328.357714285714
3343.28 , 2877.45761904762
322.741 , 358.251373417721
405.38 , 358.251373417721
347.081 , 457.04696875
373.99 , 457.04696875
488.199 , 457.04696875
700.314 , 457.04696875
435.187 , 457.04696875
426.13 , 457.04696875
493.09 , 457.04696875
633.52 , 457.04696875
103.588 , 136.918238993711
102.543 , 136.918238993711
127.051 , 194.102460093897
132.852 , 194.102460093897
142.309 , 194.102460093897
146.709 , 194.102460093897
209.832 , 194.102460093897
162.486 , 194.102460093897
173.409 , 194.102460093897
253.101 , 254.427379746835
282.722 , 254.427379746835
1763.75 , 1733.91852173913
208.475 , 254.427379746835
223.693 , 254.427379746835
253.355 , 254.427379746835
117.683 , 136.918238993711
135.351 , 136.918238993711
128.044 , 136.918238993711
148.515 , 194.102460093897
216.868 , 290.053515337424
215.395 , 290.053515337424
208.641 , 290.053515337424
243.708 , 290.053515337424
231.515 , 290.053515337424
167.607 , 197.182097777778
1449.29 , 1733.91852173913
249.496 , 329.118839506173
256.752 , 329.118839506173
282.324 , 329.118839506173
2780.57 , 1733.91852173913
308.913 , 329.118839506173
270.212 , 197.182097777778
229.038 , 263.915054298643
226.247 , 263.915054298643
266.982 , 363.213459119497
300.345 , 363.213459119497
403.769 , 363.213459119497
294.169 , 363.213459119497
279.702 , 363.213459119497
299.009 , 363.213459119497
440.92 , 363.213459119497
247.953 , 297.3479689441
2189.31 , 2869.94148648649
233.692 , 297.3479689441
376.741 , 360.37993902439
268.241 , 360.37993902439
437.975 , 360.37993902439
288.664 , 422.94401183432
492.759 , 422.94401183432
3590.39 , 2869.94148648649
497.801 , 422.94401183432
198.6 , 261.838081761006
1782.65 , 2869.94148648649
387.015 , 297.3479689441
285.219 , 297.3479689441
404.077 , 297.3479689441
327.388 , 360.37993902439
297.553 , 360.37993902439
524.609 , 422.94401183432
221.848 , 261.838081761006
249.927 , 297.3479689441
288.123 , 297.3479689441
430.706 , 297.3479689441
326.242 , 360.37993902439
3478.32 , 2869.94148648649
376.038 , 422.94401183432
582.615 , 422.94401183432
403.654 , 422.94401183432
425.106 , 1733.91852173913
124.549 , 136.918238993711
763.726 , 1733.91852173913
771.238 , 1733.91852173913
796.674 , 1733.91852173913
159.299 , 194.102460093897
177.63 , 194.102460093897
183.573 , 194.102460093897
235.272 , 194.102460093897
195.775 , 254.427379746835
308.466 , 254.427379746835
219.516 , 254.427379746835
237.079 , 254.427379746835
249.298 , 254.427379746835
345.623 , 254.427379746835
101.8 , 136.918238993711
124.454 , 136.918238993711
178.852 , 136.918238993711
130.17 , 136.918238993711
153.571 , 136.918238993711
154.351 , 194.102460093897
1122.24 , 1733.91852173913
183.28 , 194.102460093897
358 , 290.053515337424
373.376 , 290.053515337424
386.566 , 290.053515337424
134.669 , 197.182097777778
167.912 , 197.182097777778
161.565 , 197.182097777778
150.337 , 197.182097777778
178.081 , 263.915054298643
187.899 , 263.915054298643
212.03 , 263.915054298643
196.931 , 263.915054298643
236.287 , 329.118839506173
401.589 , 329.118839506173
267.166 , 329.118839506173
266.07 , 329.118839506173
429.469 , 329.118839506173
202.449 , 197.182097777778
203.453 , 197.182097777778
196.567 , 197.182097777778
209.431 , 263.915054298643
1787.34 , 1733.91852173913
316.09 , 263.915054298643
299.637 , 263.915054298643
304.861 , 263.915054298643
243.271 , 263.915054298643
2798.29 , 1733.91852173913
299.356 , 363.213459119497
292.081 , 363.213459119497
302.01 , 363.213459119497
334.173 , 363.213459119497
3134.18 , 1733.91852173913
174.232 , 261.838081761006
217.582 , 261.838081761006
295.1 , 297.3479689441
219.569 , 297.3479689441
243.096 , 297.3479689441
262.707 , 360.37993902439
294.284 , 360.37993902439
3139.14 , 2869.94148648649
288.662 , 422.94401183432
317.088 , 422.94401183432
511.929 , 422.94401183432
226.897 , 261.838081761006
1882.61 , 2869.94148648649
306.005 , 261.838081761006
220.31 , 297.3479689441
2230.17 , 2869.94148648649
377.008 , 297.3479689441
251.837 , 297.3479689441
269.37 , 297.3479689441
310.983 , 360.37993902439
330.251 , 360.37993902439
467.2 , 360.37993902439
476.265 , 360.37993902439
562.767 , 422.94401183432
3972.31 , 2869.94148648649
257.672 , 261.838081761006
359.665 , 261.838081761006
323.446 , 261.838081761006
262.787 , 297.3479689441
252.03 , 297.3479689441
2801.97 , 2869.94148648649
266.618 , 297.3479689441
403.663 , 297.3479689441
337.619 , 360.37993902439
457.254 , 360.37993902439
300.022 , 360.37993902439
515.96 , 360.37993902439
3815.9 , 2869.94148648649
3974.93 , 2869.94148648649
111.617 , 136.918238993711
127.395 , 136.918238993711
109.527 , 136.918238993711
757.245 , 1733.91852173913
219.472 , 194.102460093897
202.885 , 194.102460093897
1438.08 , 1733.91852173913
243.248 , 254.427379746835
1854.84 , 1733.91852173913
310.556 , 254.427379746835
228.573 , 254.427379746835
221.593 , 254.427379746835
164.331 , 136.918238993711
173.342 , 194.102460093897
195.3 , 194.102460093897
312.787 , 290.053515337424
323.649 , 290.053515337424
356.911 , 290.053515337424
383.779 , 290.053515337424
315.368 , 290.053515337424
2514.9 , 1733.91852173913
157.504 , 197.182097777778
193.896 , 197.182097777778
213.463 , 263.915054298643
274.372 , 263.915054298643
303.403 , 263.915054298643
339.052 , 263.915054298643
270.626 , 329.118839506173
387.547 , 329.118839506173
301.767 , 329.118839506173
2807.77 , 1733.91852173913
153.643 , 197.182097777778
259.912 , 263.915054298643
246.444 , 363.213459119497
271.186 , 363.213459119497
287.611 , 363.213459119497
2529.49 , 1733.91852173913
404.023 , 363.213459119497
334.905 , 363.213459119497
466.624 , 363.213459119497
292.037 , 261.838081761006
231.721 , 329.567581818182
390.484 , 393.997544871795
324.382 , 393.997544871795
2804.55 , 2869.94148648649
433.396 , 393.997544871795
324.521 , 455.404621794872
476.727 , 455.404621794872
387.381 , 455.404621794872
405.281 , 455.404621794872
232.833 , 261.838081761006
315.796 , 261.838081761006
1800.99 , 2869.94148648649
351.984 , 261.838081761006
298.15 , 329.567581818182
312.536 , 329.567581818182
2579.53 , 2869.94148648649
2471.87 , 2869.94148648649
365.989 , 329.567581818182
281.339 , 393.997544871795
310.501 , 393.997544871795
326.722 , 393.997544871795
3150.12 , 2869.94148648649
336.696 , 393.997544871795
522.366 , 455.404621794872
359.594 , 455.404621794872
383.547 , 455.404621794872
3832.09 , 2869.94148648649
623.013 , 455.404621794872
258.152 , 261.838081761006
2240.13 , 2869.94148648649
231.713 , 261.838081761006
367.137 , 261.838081761006
2478.62 , 2869.94148648649
472.541 , 329.567581818182
436.668 , 329.567581818182
336.607 , 393.997544871795
362.104 , 393.997544871795
559.557 , 393.997544871795
359.703 , 393.997544871795
559.253 , 455.404621794872
339.786 , 455.404621794872
3832.71 , 2869.94148648649
640.115 , 455.404621794872
4175.8 , 2869.94148648649
567.388 , 455.404621794872
472.49 , 1733.91852173913
120.151 , 136.918238993711
165.603 , 194.102460093897
185.863 , 194.102460093897
202.74 , 194.102460093897
1184.5 , 1733.91852173913
1151.45 , 1733.91852173913
217.529 , 194.102460093897
188.304 , 194.102460093897
289.267 , 254.427379746835
188.794 , 254.427379746835
242.939 , 254.427379746835
328.533 , 254.427379746835
240.578 , 254.427379746835
260.171 , 254.427379746835
361.687 , 254.427379746835
148.937 , 136.918238993711
115.625 , 136.918238993711
166.425 , 136.918238993711
860.301 , 1733.91852173913
185.573 , 136.918238993711
176.824 , 136.918238993711
209.363 , 194.102460093897
166.348 , 194.102460093897
1163.59 , 1733.91852173913
1200.37 , 1733.91852173913
243.048 , 194.102460093897
1557.56 , 1733.91852173913
286.507 , 194.102460093897
325.381 , 290.053515337424
290.169 , 290.053515337424
373.759 , 290.053515337424
422.142 , 290.053515337424
155.808 , 197.182097777778
196.096 , 263.915054298643
1931.86 , 1733.91852173913
289.801 , 329.118839506173
244.438 , 329.118839506173
270.16 , 329.118839506173
377.562 , 329.118839506173
350.202 , 329.118839506173
327.425 , 329.118839506173
217.017 , 197.182097777778
253.05 , 197.182097777778
321.365 , 263.915054298643
245.48 , 263.915054298643
420.076 , 363.213459119497
342.561 , 363.213459119497
329.277 , 363.213459119497
399.194 , 363.213459119497
242.414 , 261.838081761006
266.793 , 329.567581818182
331.312 , 329.567581818182
434.732 , 393.997544871795
386.184 , 393.997544871795
3004.91 , 2869.94148648649
512.39 , 393.997544871795
426.264 , 393.997544871795
364.971 , 455.404621794872
3274.92 , 2869.94148648649
546.687 , 455.404621794872
546.866 , 455.404621794872
605.078 , 455.404621794872
353.732 , 261.838081761006
391.629 , 329.567581818182
247.021 , 329.567581818182
2233.04 , 2869.94148648649
320.737 , 329.567581818182
271.78 , 329.567581818182
422.732 , 329.567581818182
289.95 , 393.997544871795
466.557 , 393.997544871795
328.769 , 393.997544871795
466.938 , 393.997544871795
518.801 , 393.997544871795
465.802 , 393.997544871795
3329.48 , 2869.94148648649
508.081 , 393.997544871795
384.32 , 455.404621794872
556.355 , 455.404621794872
410.636 , 455.404621794872
459.323 , 455.404621794872
298.49 , 261.838081761006
395.285 , 261.838081761006
2236.46 , 2869.94148648649
2289.31 , 2869.94148648649
423.373 , 261.838081761006
305.05 , 329.567581818182
387.087 , 329.567581818182
363.102 , 393.997544871795
3277.9 , 2869.94148648649
361.541 , 393.997544871795
3628.81 , 2869.94148648649
460.597 , 455.404621794872
601.159 , 455.404621794872
403.725 , 455.404621794872
593.526 , 455.404621794872
4341.18 , 2869.94148648649
133.761 , 136.354458598726
148.629 , 192.447132075472
159.269 , 192.447132075472
213.996 , 192.447132075472
241.854 , 263.401292993631
257.167 , 263.401292993631
185.723 , 263.401292993631
240.639 , 263.401292993631
239.383 , 263.401292993631
354.485 , 263.401292993631
107.813 , 136.354458598726
117.788 , 136.354458598726
146.674 , 136.354458598726
180.55 , 136.354458598726
152.159 , 192.447132075472
210.483 , 192.447132075472
191.425 , 192.447132075472
343.871 , 263.401292993631
254.564 , 263.401292993631
160.125 , 195.894926940639
168.637 , 195.894926940639
226.737 , 195.894926940639
172.497 , 262.329488888889
186.856 , 262.329488888889
342.111 , 326.243976047904
418.073 , 326.243976047904
152.796 , 195.894926940639
149.282 , 195.894926940639
1118.25 , 1712.41393311037
190.593 , 195.894926940639
1492.14 , 1712.41393311037
187.511 , 195.894926940639
202.524 , 195.894926940639
1771.75 , 1712.41393311037
295.345 , 262.329488888889
313.794 , 262.329488888889
221.142 , 262.329488888889
2536.45 , 1712.41393311037
385.081 , 357.35950617284
265.813 , 357.35950617284
416.262 , 357.35950617284
472.824 , 357.35950617284
176.429 , 262.630833333333
240.585 , 262.630833333333
268.768 , 262.630833333333
195.406 , 262.630833333333
1778.57 , 2887.20603524229
267.642 , 330.717938271605
384.939 , 330.717938271605
2889.81 , 2887.20603524229
2785.28 , 2887.20603524229
428.234 , 388.608824242424
445.488 , 388.608824242424
3124.49 , 2887.20603524229
457.832 , 388.608824242424
320.428 , 458.525259259259
217.579 , 262.630833333333
225.805 , 262.630833333333
241.562 , 262.630833333333
252.187 , 330.717938271605
245.102 , 330.717938271605
364.262 , 330.717938271605
249.992 , 330.717938271605
2452.47 , 2887.20603524229
2783.73 , 2887.20603524229
300.03 , 388.608824242424
486.628 , 388.608824242424
500.296 , 388.608824242424
3941.18 , 2887.20603524229
349.692 , 458.525259259259
2201.41 , 2887.20603524229
273.823 , 262.630833333333
362.132 , 262.630833333333
2474.05 , 2887.20603524229
377.137 , 262.630833333333
299.517 , 330.717938271605
486.572 , 388.608824242424
568.539 , 388.608824242424
538.336 , 388.608824242424
106.035 , 136.354458598726
107.284 , 136.354458598726
133.654 , 192.447132075472
182.28 , 263.401292993631
172.602 , 263.401292993631
196.053 , 263.401292993631
221.948 , 263.401292993631
1774.68 , 1712.41393311037
291.867 , 263.401292993631
212.908 , 263.401292993631
226.427 , 263.401292993631
305.277 , 263.401292993631
217.979 , 263.401292993631
436.47 , 1712.41393311037
146.364 , 136.354458598726
133.786 , 136.354458598726
132.977 , 136.354458598726
143.065 , 136.354458598726
210.86 , 192.447132075472
182.51 , 192.447132075472
241.191 , 192.447132075472
1813.56 , 1712.41393311037
219.481 , 263.401292993631
335.791 , 263.401292993631
251.028 , 263.401292993631
250.534 , 263.401292993631
265.981 , 263.401292993631
359.839 , 263.401292993631
147.119 , 195.894926940639
775.412 , 1712.41393311037
1131.52 , 1712.41393311037
176.506 , 195.894926940639
1475.69 , 1712.41393311037
282.079 , 262.329488888889
225.586 , 326.243976047904
240.707 , 326.243976047904
256.368 , 326.243976047904
309.514 , 326.243976047904
401.049 , 326.243976047904
176.35 , 195.894926940639
226.552 , 195.894926940639
188.415 , 195.894926940639
334.519 , 262.329488888889
2177.53 , 1712.41393311037
2218.93 , 1712.41393311037
261.118 , 357.35950617284
400.994 , 357.35950617284
362.618 , 357.35950617284
309.804 , 357.35950617284
316.041 , 357.35950617284
300.448 , 262.630833333333
360.081 , 330.717938271605
241.568 , 330.717938271605
376.845 , 330.717938271605
267.851 , 330.717938271605
299.68 , 388.608824242424
335.819 , 458.525259259259
347.588 , 458.525259259259
383.434 , 458.525259259259
555.384 , 458.525259259259
300.5 , 262.630833333333
2128.46 , 2887.20603524229
2190.97 , 2887.20603524229
251.292 , 262.630833333333
263.164 , 330.717938271605
243.489 , 330.717938271605
299.601 , 388.608824242424
322.681 , 388.608824242424
363.853 , 388.608824242424
579.7 , 458.525259259259
347.762 , 458.525259259259
3921.21 , 2887.20603524229
238.477 , 262.630833333333
345.424 , 262.630833333333
363.713 , 262.630833333333
389.351 , 262.630833333333
390.438 , 262.630833333333
447.944 , 330.717938271605
295.904 , 330.717938271605
292.644 , 330.717938271605
430.241 , 330.717938271605
323.996 , 330.717938271605
579.613 , 388.608824242424
413.903 , 388.608824242424
624.146 , 458.525259259259
596.62 , 458.525259259259
126.816 , 136.354458598726
151.563 , 192.447132075472
168.331 , 192.447132075472
152.366 , 192.447132075472
186.054 , 192.447132075472
255.252 , 285.879391025641
281.637 , 285.879391025641
244.417 , 285.879391025641
240.359 , 285.879391025641
242.109 , 285.879391025641
111.004 , 136.354458598726
103.959 , 136.354458598726
144.387 , 136.354458598726
147.416 , 136.354458598726
818.04 , 1712.41393311037
129.255 , 136.354458598726
199.955 , 192.447132075472
201.663 , 192.447132075472
181.616 , 192.447132075472
341.913 , 285.879391025641
242.418 , 285.879391025641
2173.85 , 1712.41393311037
204.254 , 195.894926940639
203.262 , 195.894926940639
222.845 , 262.329488888889
1518.42 , 1712.41393311037
1443.07 , 1712.41393311037
351.043 , 262.329488888889
353.783 , 326.243976047904
403.444 , 326.243976047904
311.862 , 326.243976047904
2865.86 , 1712.41393311037
246.182 , 195.894926940639
165.587 , 195.894926940639
244.872 , 195.894926940639
233.796 , 195.894926940639
293.907 , 262.329488888889
2466.79 , 1712.41393311037
308.825 , 357.35950617284
404.677 , 357.35950617284
433.892 , 357.35950617284
278.037 , 295.400122699386
346.947 , 361.872484076433
310.349 , 426.647462025317
2865.65 , 2887.20603524229
487.988 , 426.647462025317
3266.22 , 2887.20603524229
477.748 , 426.647462025317
324.851 , 426.647462025317
379.411 , 426.647462025317
253.693 , 295.400122699386
363.156 , 295.400122699386
339.419 , 361.872484076433
299.897 , 361.872484076433
405.887 , 361.872484076433
492.728 , 361.872484076433
3202.82 , 2887.20603524229
487.514 , 426.647462025317
388.642 , 426.647462025317
329.329 , 426.647462025317
411.197 , 426.647462025317
415.1 , 458.525259259259
379.919 , 458.525259259259
437.879 , 458.525259259259
357.478 , 295.400122699386
385.029 , 295.400122699386
2202.82 , 2887.20603524229
399.137 , 295.400122699386
280.661 , 361.872484076433
270.125 , 361.872484076433
314.429 , 361.872484076433
479.575 , 361.872484076433
380.399 , 426.647462025317
569.473 , 426.647462025317
407.177 , 458.525259259259
4236.85 , 2887.20603524229
168.167 , 192.447132075472
143.087 , 192.447132075472
245.38 , 192.447132075472
169.715 , 192.447132075472
229.312 , 192.447132075472
218.287 , 285.879391025641
233.677 , 285.879391025641
295.09 , 285.879391025641
228.188 , 285.879391025641
342.136 , 285.879391025641
1874.71 , 1712.41393311037
234.825 , 285.879391025641
265.053 , 285.879391025641
283.031 , 285.879391025641
131.56 , 136.354458598726
161.369 , 136.354458598726
133.692 , 136.354458598726
200.769 , 136.354458598726
177.206 , 136.354458598726
165.83 , 136.354458598726
217.118 , 192.447132075472
191.202 , 192.447132075472
304.165 , 192.447132075472
209.93 , 192.447132075472
257.355 , 192.447132075472
316.749 , 192.447132075472
257.294 , 285.879391025641
218.706 , 285.879391025641
242.299 , 285.879391025641
2224.72 , 1712.41393311037
269.004 , 285.879391025641
266.672 , 285.879391025641
300.581 , 285.879391025641
313.131 , 285.879391025641
462.4 , 285.879391025641
451.957 , 285.879391025641
1217.47 , 1712.41393311037
212.317 , 262.329488888889
220.098 , 262.329488888889
327.905 , 262.329488888889
272.695 , 326.243976047904
300.32 , 326.243976047904
516.59 , 326.243976047904
264.1 , 195.894926940639
335.472 , 195.894926940639
350.539 , 262.329488888889
1923.11 , 1712.41393311037
272.865 , 262.329488888889
2643.58 , 1712.41393311037
2579.62 , 1712.41393311037
301.808 , 357.35950617284
421.622 , 357.35950617284
466.14 , 357.35950617284
514.692 , 357.35950617284
2975.1 , 1712.41393311037
510.384 , 357.35950617284
320.522 , 357.35950617284
239.39 , 295.400122699386
196.744 , 295.400122699386
1529 , 2887.20603524229
262.347 , 295.400122699386
376.685 , 295.400122699386
324.342 , 361.872484076433
245.473 , 361.872484076433
276.974 , 361.872484076433
277.805 , 361.872484076433
467.756 , 361.872484076433
466.643 , 361.872484076433
329.261 , 426.647462025317
514.337 , 426.647462025317
465.638 , 426.647462025317
3339.25 , 2887.20603524229
389.443 , 458.525259259259
554.388 , 458.525259259259
304.349 , 295.400122699386
252.079 , 295.400122699386
256.457 , 295.400122699386
327.621 , 295.400122699386
2294.39 , 2887.20603524229
276.367 , 295.400122699386
2283.97 , 2887.20603524229
317.542 , 361.872484076433
357.181 , 361.872484076433
466.507 , 361.872484076433
474.844 , 361.872484076433
296.584 , 361.872484076433
426.654 , 361.872484076433
331.844 , 361.872484076433
400.07 , 426.647462025317
513.912 , 426.647462025317
3697.89 , 2887.20603524229
597.359 , 458.525259259259
386.942 , 295.400122699386
473.716 , 295.400122699386
2942.45 , 2887.20603524229
468.991 , 361.872484076433
3335.02 , 2887.20603524229
432.666 , 426.647462025317
3703.4 , 2887.20603524229
556.551 , 426.647462025317
385.019 , 426.647462025317
421.288 , 426.647462025317
409.726 , 426.647462025317
407.835 , 426.647462025317
396.194 , 458.525259259259
122.949 , 135.834798780488
119.877 , 135.834798780488
134.618 , 192.906309178744
139.344 , 192.906309178744
180.872 , 192.906309178744
212.176 , 192.906309178744
1090.99 , 1713.05502083333
1438.34 , 2885.23602564103
197.214 , 255.440908536585
214.959 , 255.440908536585
2103.1 , 2885.23602564103
340.01 , 255.440908536585
2114.55 , 2885.23602564103
127.204 , 135.834798780488
172.493 , 135.834798780488
162.644 , 192.906309178744
213.048 , 192.906309178744
1428.75 , 1713.05502083333
267.393 , 192.906309178744
283.449 , 292.391775757576
302.136 , 292.391775757576
310.231 , 292.391775757576
253.607 , 292.391775757576
390.005 , 292.391775757576
281.797 , 292.391775757576
136.78 , 196.895479638009
148.221 , 196.895479638009
175.101 , 196.895479638009
242.048 , 262.553680952381
259.264 , 262.553680952381
175.973 , 262.553680952381
202.181 , 262.553680952381
1787.08 , 1713.05502083333
321.204 , 325.264503144654
255.654 , 325.264503144654
404.142 , 325.264503144654
264.699 , 325.264503144654
293.713 , 325.264503144654
283.17 , 262.553680952381
298.42 , 262.553680952381
342.558 , 262.553680952381
234.27 , 262.553680952381
359.615 , 262.553680952381
272.653 , 325.264503144654
241.655 , 325.264503144654
404.448 , 325.264503144654
435.986 , 325.264503144654
400.292 , 325.264503144654
339.02 , 325.264503144654
197.555 , 262.928625766871
219.56 , 262.928625766871
281.028 , 262.928625766871
210.263 , 262.928625766871
1796.46 , 1713.05502083333
322.867 , 331.347555555555
2113.86 , 1713.05502083333
341.862 , 331.347555555555
2544.34 , 1713.05502083333
257.116 , 361.751464968153
279.605 , 361.751464968153
297.367 , 421.293710691824
314.243 , 421.293710691824
347.891 , 421.293710691824
202.756 , 262.928625766871
321.621 , 262.928625766871
272.897 , 331.347555555555
269.348 , 331.347555555555
362.889 , 331.347555555555
266.031 , 331.347555555555
275.93 , 361.751464968153
270.254 , 361.751464968153
2890.07 , 1713.05502083333
314.128 , 361.751464968153
2805.94 , 1713.05502083333
473.341 , 361.751464968153
349.14 , 421.293710691824
521.301 , 421.293710691824
558.889 , 421.293710691824
362.356 , 421.293710691824
538.862 , 421.293710691824
224.993 , 262.928625766871
343.022 , 262.928625766871
260.136 , 262.928625766871
365.561 , 262.928625766871
256.728 , 262.928625766871
264.899 , 331.347555555555
279.83 , 331.347555555555
300.714 , 361.751464968153
288.13 , 361.751464968153
493.759 , 361.751464968153
321.329 , 361.751464968153
482.294 , 361.751464968153
369.355 , 361.751464968153
3802.53 , 2885.23602564103
567.883 , 421.293710691824
396.15 , 421.293710691824
605.067 , 421.293710691824
156.332 , 192.906309178744
191.1 , 192.906309178744
210.464 , 192.906309178744
150.009 , 192.906309178744
159.981 , 192.906309178744
1435.16 , 2885.23602564103
177.23 , 255.440908536585
186.37 , 255.440908536585
1495.23 , 2885.23602564103
205.103 , 255.440908536585
280.836 , 255.440908536585
224.931 , 255.440908536585
772.483 , 1713.05502083333
778.328 , 1713.05502083333
160.837 , 135.834798780488
183.288 , 135.834798780488
191.542 , 135.834798780488
159.534 , 192.906309178744
172.821 , 192.906309178744
149.744 , 192.906309178744
268.759 , 192.906309178744
186.585 , 192.906309178744
202.305 , 192.906309178744
297.812 , 292.391775757576
230.415 , 292.391775757576
218.443 , 292.391775757576
281.464 , 292.391775757576
132.811 , 196.895479638009
160.997 , 196.895479638009
1110.36 , 1713.05502083333
172.543 , 196.895479638009
238.35 , 196.895479638009
231.273 , 325.264503144654
321.585 , 325.264503144654
345.455 , 325.264503144654
386.243 , 325.264503144654
298.275 , 325.264503144654
462.928 , 325.264503144654
154.889 , 196.895479638009
1139.97 , 1713.05502083333
1517.28 , 1713.05502083333
210.782 , 262.553680952381
1828.59 , 1713.05502083333
226.62 , 262.553680952381
241.174 , 262.553680952381
271.041 , 262.553680952381
386.607 , 325.264503144654
389.036 , 325.264503144654
288.878 , 325.264503144654
473.687 , 325.264503144654
1527.69 , 1713.05502083333
236.809 , 331.347555555555
2182.01 , 1713.05502083333
323.113 , 331.347555555555
343.532 , 331.347555555555
251.023 , 331.347555555555
243.66 , 361.751464968153
2528.26 , 1713.05502083333
300.48 , 361.751464968153
389.381 , 361.751464968153
280.809 , 361.751464968153
466.947 , 361.751464968153
1790.23 , 1713.05502083333
335.29 , 262.928625766871
2537.75 , 1713.05502083333
266.559 , 361.751464968153
299.929 , 361.751464968153
430.294 , 361.751464968153
311.09 , 361.751464968153
443.464 , 361.751464968153
535.974 , 421.293710691824
383.352 , 421.293710691824
512.582 , 421.293710691824
375.513 , 421.293710691824
372.776 , 421.293710691824
2128.34 , 1713.05502083333
227.681 , 262.928625766871
349.546 , 262.928625766871
377.267 , 262.928625766871
404.319 , 262.928625766871
270.372 , 262.928625766871
287.646 , 331.347555555555
432.658 , 331.347555555555
3270.26 , 1713.05502083333
535.447 , 361.751464968153
350.175 , 421.293710691824
556.139 , 421.293710691824
357.234 , 421.293710691824
390.144 , 421.293710691824
645.386 , 421.293710691824
110.946 , 135.834798780488
156.259 , 135.834798780488
790.509 , 1713.05502083333
161.54 , 192.906309178744
166.003 , 192.906309178744
212.835 , 192.906309178744
232.066 , 192.906309178744
243.181 , 192.906309178744
271.768 , 255.440908536585
2197.9 , 2885.23602564103
340.343 , 255.440908536585
258.399 , 255.440908536585
103.49 , 135.834798780488
762.256 , 1713.05502083333
173.719 , 192.906309178744
1162.17 , 1713.05502083333
213.483 , 192.906309178744
256.284 , 192.906309178744
228.632 , 292.391775757576
253.797 , 292.391775757576
2223.41 , 2885.23602564103
2571.07 , 2885.23602564103
394.217 , 292.391775757576
178.785 , 196.895479638009
164.421 , 196.895479638009
201.03 , 262.553680952381
204.236 , 262.553680952381
314.478 , 262.553680952381
199.742 , 262.553680952381
235.615 , 262.553680952381
259.847 , 262.553680952381
2218.15 , 2885.23602564103
345.97 , 358.211424242424
393.842 , 358.211424242424
305.458 , 358.211424242424
286.651 , 358.211424242424
309.507 , 358.211424242424
274.152 , 196.895479638009
1501.64 , 1713.05502083333
312.681 , 262.553680952381
321.33 , 262.553680952381
2220.44 , 1713.05502083333
255.541 , 358.211424242424
443.196 , 358.211424242424
1509.53 , 1713.05502083333
239.24 , 297.6907375
425.997 , 391.55971686747
293.178 , 458.879222891566
340.412 , 458.879222891566
553.356 , 458.879222891566
485.828 , 458.879222891566
219.055 , 297.6907375
304.24 , 297.6907375
348.826 , 297.6907375
397.982 , 331.347555555555
392.219 , 331.347555555555
470.385 , 391.55971686747
361.76 , 391.55971686747
3276.24 , 2885.23602564103
3623.05 , 2885.23602564103
3486.82 , 2885.23602564103
485.839 , 458.879222891566
559.057 , 458.879222891566
258.453 , 297.6907375
366.744 , 297.6907375
336.83 , 391.55971686747
518.459 , 391.55971686747
3493.39 , 2885.23602564103
525.896 , 458.879222891566
137.844 , 135.834798780488
170.086 , 192.906309178744
185.338 , 192.906309178744
173.891 , 192.906309178744
208.871 , 192.906309178744
211.136 , 255.440908536585
298.189 , 255.440908536585
217.969 , 255.440908536585
254.599 , 255.440908536585
321.203 , 255.440908536585
2231.6 , 2885.23602564103
124.531 , 135.834798780488
141.708 , 135.834798780488
152.819 , 135.834798780488
171.049 , 135.834798780488
143.267 , 135.834798780488
253.24 , 192.906309178744
220.761 , 192.906309178744
216.063 , 192.906309178744
274.919 , 292.391775757576
371.17 , 292.391775757576
187.038 , 196.895479638009
155.941 , 196.895479638009
852.556 , 1713.05502083333
171.967 , 196.895479638009
191.632 , 196.895479638009
1211.98 , 1713.05502083333
334.193 , 262.553680952381
258.72 , 262.553680952381
246.297 , 262.553680952381
319.765 , 358.211424242424
342.019 , 358.211424242424
299.603 , 358.211424242424
235.386 , 196.895479638009
191.885 , 196.895479638009
240.125 , 196.895479638009
326.736 , 196.895479638009
263.779 , 262.553680952381
221.54 , 262.553680952381
217.47 , 262.553680952381
330.93 , 262.553680952381
251.577 , 262.553680952381
2231.08 , 1713.05502083333
2279.8 , 1713.05502083333
425.032 , 262.553680952381
467.612 , 358.211424242424
337.592 , 358.211424242424
475.286 , 358.211424242424
468.103 , 358.211424242424
510.684 , 358.211424242424
315.504 , 297.6907375
217.582 , 297.6907375
217.933 , 297.6907375
2229.74 , 1713.05502083333
272.787 , 391.55971686747
421.167 , 391.55971686747
340.094 , 391.55971686747
354.196 , 458.879222891566
506.462 , 458.879222891566
3630.25 , 2885.23602564103
302.235 , 297.6907375
1931.09 , 1713.05502083333
277.343 , 297.6907375
317.884 , 331.347555555555
2583.52 , 1713.05502083333
513.644 , 391.55971686747
312.427 , 391.55971686747
391.6 , 458.879222891566
419.966 , 458.879222891566
406.114 , 458.879222891566
2296.78 , 1713.05502083333
245.632 , 297.6907375
347.77 , 297.6907375
323.396 , 297.6907375
318.8 , 297.6907375
319.324 , 297.6907375
360.705 , 297.6907375
268.132 , 297.6907375
304.111 , 297.6907375
353.904 , 297.6907375
2998.08 , 1713.05502083333
296.364 , 331.347555555555
365.69 , 391.55971686747
506.924 , 391.55971686747
557.616 , 391.55971686747
611.526 , 391.55971686747
4052.69 , 2885.23602564103
369.5 , 458.879222891566
4396.85 , 2885.23602564103
699.981 , 458.879222891566
101.754 , 138.480191358025
116.237 , 138.480191358025
125.633 , 193.458401785714
1129.36 , 1736.36053082192
189.451 , 255.217914634146
174.8 , 255.217914634146
185.433 , 255.217914634146
301.309 , 255.217914634146
220.704 , 255.217914634146
243.058 , 255.217914634146
100.795 , 138.480191358025
100.892 , 138.480191358025
436.704 , 1736.36053082192
100.315 , 138.480191358025
436.26 , 1736.36053082192
784.054 , 1736.36053082192
1135.52 , 1736.36053082192
173.514 , 193.458401785714
1480.08 , 1736.36053082192
171.541 , 193.458401785714
244.392 , 290.582
2457.13 , 1736.36053082192
126.822 , 196.669397129187
139.437 , 196.669397129187
163.814 , 196.669397129187
211.523 , 196.669397129187
163.344 , 196.669397129187
192.448 , 264.009330316742
282.807 , 264.009330316742
223.402 , 329.65593125
240.999 , 329.65593125
244.42 , 329.65593125
270.596 , 329.65593125
363.499 , 329.65593125
265.241 , 329.65593125
279.765 , 329.65593125
1101.24 , 1736.36053082192
175.453 , 196.669397129187
172.229 , 196.669397129187
240.317 , 196.669397129187
193.01 , 196.669397129187
201.045 , 264.009330316742
241.592 , 264.009330316742
251.349 , 329.65593125
282.787 , 329.65593125
376.219 , 329.65593125
487.577 , 329.65593125
297.958 , 261.91566875
217.636 , 261.91566875
226.854 , 261.91566875
258.533 , 261.91566875
2132.19 , 2879.41276497696
251.632 , 379.577971698113
392.845 , 379.577971698113
285.078 , 379.577971698113
274.729 , 379.577971698113
300.785 , 379.577971698113
264.819 , 379.577971698113
294.136 , 379.577971698113
328.066 , 425.209662576687
472.023 , 425.209662576687
303.199 , 425.209662576687
337.694 , 425.209662576687
534.299 , 425.209662576687
284.331 , 298.120900621118
201.285 , 298.120900621118
281.044 , 298.120900621118
2195.78 , 2879.41276497696
2117.21 , 2879.41276497696
295.638 , 379.577971698113
416.829 , 379.577971698113
480.646 , 379.577971698113
288.039 , 379.577971698113
322.238 , 379.577971698113
493.089 , 379.577971698113
3460.78 , 2879.41276497696
3478.38 , 2879.41276497696
340.195 , 425.209662576687
334.134 , 425.209662576687
2120.95 , 2879.41276497696
247.049 , 330.479765060241
276.287 , 330.479765060241
2788.82 , 2879.41276497696
441.841 , 379.577971698113
303.483 , 379.577971698113
349.083 , 379.577971698113
519.831 , 379.577971698113
333.84 , 425.209662576687
3817.85 , 2879.41276497696
612.211 , 425.209662576687
105.401 , 138.480191358025
103.678 , 138.480191358025
129.276 , 138.480191358025
451.497 , 1736.36053082192
140.738 , 193.458401785714
149.038 , 193.458401785714
210.765 , 193.458401785714
172.603 , 193.458401785714
254.457 , 255.217914634146
330.937 , 255.217914634146
242.875 , 255.217914634146
104.879 , 138.480191358025
460.082 , 1736.36053082192
136.3 , 138.480191358025
172.745 , 193.458401785714
1507.61 , 1736.36053082192
206.248 , 290.582
1784.76 , 1736.36053082192
236.709 , 290.582
1852.96 , 1736.36053082192
326.48 , 290.582
320.406 , 290.582
254.288 , 290.582
2456.56 , 1736.36053082192
265.804 , 290.582
168.889 , 196.669397129187
253.24 , 264.009330316742
173.667 , 264.009330316742
196.06 , 264.009330316742
214.181 , 264.009330316742
1820.9 , 1736.36053082192
2119.73 , 1736.36053082192
336.547 , 329.65593125
269.97 , 329.65593125
2523.99 , 1736.36053082192
361.425 , 329.65593125
265.647 , 329.65593125
150.803 , 196.669397129187
212.872 , 196.669397129187
172.829 , 196.669397129187
216.219 , 196.669397129187
255.918 , 264.009330316742
377.164 , 264.009330316742
283.155 , 329.65593125
376.713 , 329.65593125
267.562 , 329.65593125
2560.8 , 1736.36053082192
286.31 , 329.65593125
456.357 , 329.65593125
196.285 , 261.91566875
209.142 , 261.91566875
333.181 , 261.91566875
334.462 , 261.91566875
220.303 , 261.91566875
2462.68 , 2879.41276497696
363.108 , 379.577971698113
417.245 , 379.577971698113
430.267 , 379.577971698113
336.225 , 425.209662576687
3229.87 , 2879.41276497696
442.947 , 425.209662576687
3266.04 , 2879.41276497696
518.761 , 425.209662576687
212.229 , 298.120900621118
232.651 , 298.120900621118
219.99 , 298.120900621118
245.747 , 298.120900621118
233.556 , 298.120900621118
403.865 , 298.120900621118
363.86 , 298.120900621118
275.362 , 298.120900621118
276.125 , 379.577971698113
2881.88 , 2879.41276497696
337.304 , 379.577971698113
3225.5 , 2879.41276497696
356.605 , 379.577971698113
325.116 , 425.209662576687
3576.62 , 2879.41276497696
335.456 , 425.209662576687
522.529 , 425.209662576687
285.222 , 330.479765060241
2465.74 , 2879.41276497696
275.998 , 330.479765060241
2578 , 2879.41276497696
299.575 , 330.479765060241
2921.29 , 2879.41276497696
467.053 , 330.479765060241
3137.41 , 2879.41276497696
472.812 , 379.577971698113
349.68 , 379.577971698113
3570.45 , 2879.41276497696
3935.84 , 2879.41276497696
374.166 , 425.209662576687
564.088 , 425.209662576687
136.531 , 138.480191358025
123.291 , 138.480191358025
139.147 , 138.480191358025
449.513 , 1736.36053082192
787.495 , 1736.36053082192
220.025 , 255.217914634146
115.557 , 138.480191358025
129.872 , 138.480191358025
110.04 , 138.480191358025
181.753 , 138.480191358025
806.951 , 1736.36053082192
157.122 , 193.458401785714
1149.22 , 1736.36053082192
1512.48 , 1736.36053082192
290.159 , 193.458401785714
1485.53 , 1736.36053082192
294.38 , 193.458401785714
1782.18 , 1736.36053082192
282.786 , 290.582
300.503 , 290.582
222.425 , 290.582
285.108 , 290.582
414.323 , 290.582
432.506 , 290.582
130.146 , 196.669397129187
170.342 , 196.669397129187
215.96 , 196.669397129187
230.333 , 362.422343558282
244.013 , 362.422343558282
277.793 , 362.422343558282
346.303 , 362.422343558282
158.056 , 196.669397129187
176.808 , 196.669397129187
208.913 , 196.669397129187
303.982 , 196.669397129187
231.75 , 264.009330316742
1785.65 , 1736.36053082192
235.076 , 264.009330316742
1837.24 , 1736.36053082192
351.525 , 264.009330316742
244.593 , 264.009330316742
364.926 , 362.422343558282
279.674 , 362.422343558282
358.854 , 362.422343558282
304.715 , 362.422343558282
324.729 , 362.422343558282
485.142 , 362.422343558282
205.708 , 261.91566875
226.643 , 261.91566875
1456.17 , 2879.41276497696
302.027 , 261.91566875
358.827 , 261.91566875
325.916 , 261.91566875
278.577 , 379.577971698113
256.484 , 379.577971698113
2528.04 , 2879.41276497696
309.858 , 379.577971698113
439.83 , 379.577971698113
360.976 , 462.229089820359
3151.09 , 2879.41276497696
239.544 , 298.120900621118
358.237 , 298.120900621118
246.779 , 298.120900621118
317.246 , 379.577971698113
336.918 , 379.577971698113
477.911 , 379.577971698113
478.974 , 379.577971698113
379.913 , 379.577971698113
348.656 , 462.229089820359
353.647 , 462.229089820359
340.208 , 462.229089820359
564.256 , 462.229089820359
387.728 , 462.229089820359
284.748 , 330.479765060241
223.848 , 330.479765060241
299.166 , 330.479765060241
313.909 , 330.479765060241
428.098 , 330.479765060241
340.321 , 330.479765060241
384.675 , 379.577971698113
349.03 , 379.577971698113
3617.94 , 2879.41276497696
486.641 , 379.577971698113
443.098 , 462.229089820359
377.15 , 462.229089820359
202.277 , 193.458401785714
205.202 , 193.458401785714
177.573 , 193.458401785714
178.618 , 193.458401785714
194.071 , 255.217914634146
204.792 , 255.217914634146
258.646 , 255.217914634146
316.8 , 255.217914634146
341.664 , 255.217914634146
357.808 , 255.217914634146
127.501 , 138.480191358025
180.106 , 193.458401785714
344.308 , 290.582
408.918 , 290.582
416.085 , 290.582
166.356 , 196.669397129187
867.507 , 1736.36053082192
205.44 , 196.669397129187
177.701 , 196.669397129187
208.124 , 196.669397129187
259.795 , 196.669397129187
287.391 , 196.669397129187
231.726 , 264.009330316742
244.332 , 264.009330316742
191.707 , 264.009330316742
2225.32 , 1736.36053082192
310.363 , 362.422343558282
319.796 , 362.422343558282
380.405 , 362.422343558282
238.514 , 196.669397129187
218.601 , 196.669397129187
192.306 , 196.669397129187
221.761 , 196.669397129187
343.824 , 264.009330316742
273.169 , 264.009330316742
434.804 , 362.422343558282
263.914 , 362.422343558282
2623 , 1736.36053082192
3346.38 , 1736.36053082192
310.786 , 362.422343558282
3283.51 , 1736.36053082192
354.322 , 362.422343558282
1575.59 , 2879.41276497696
283.006 , 261.91566875
259.549 , 261.91566875
1939.49 , 2879.41276497696
350.896 , 261.91566875
291.8 , 261.91566875
2286.12 , 2879.41276497696
316.915 , 261.91566875
425.183 , 261.91566875
340.049 , 379.577971698113
297.553 , 379.577971698113
350.561 , 462.229089820359
3691.04 , 2879.41276497696
382.979 , 462.229089820359
246.65 , 298.120900621118
374.457 , 298.120900621118
382.754 , 298.120900621118
2646.31 , 2879.41276497696
435.574 , 298.120900621118
304.785 , 298.120900621118
341.351 , 379.577971698113
2936.66 , 2879.41276497696
3276.84 , 2879.41276497696
406.249 , 379.577971698113
374.679 , 462.229089820359
3687.18 , 2879.41276497696
379.15 , 330.479765060241
2589.24 , 2879.41276497696
515.107 , 330.479765060241
2996.89 , 2879.41276497696
338.273 , 379.577971698113
445.829 , 462.229089820359
643.311 , 462.229089820359
4392.68 , 2879.41276497696
118.088 , 136.151067484663
126.892 , 193.644581818182
160.207 , 193.644581818182
150.944 , 193.644581818182
151.52 , 193.644581818182
216.25 , 254.866118012422
199.403 , 254.866118012422
302.857 , 254.866118012422
222.712 , 254.866118012422
122.984 , 136.151067484663
201.158 , 193.644581818182
213.061 , 193.644581818182
162.318 , 193.644581818182
346.815 , 292.65393373494
2102.31 , 1724.71047766323
125.574 , 198.437986046512
125.984 , 198.437986046512
137.005 , 198.437986046512
776.522 , 1724.71047766323
181.971 , 198.437986046512
1140.75 , 1724.71047766323
1429.75 , 1724.71047766323
298.207 , 262.09373853211
243.668 , 329.173503184713
218.641 , 329.173503184713
357.698 , 329.173503184713
390.443 , 329.173503184713
241.605 , 329.173503184713
2447.2 , 1724.71047766323
376.234 , 329.173503184713
273.219 , 329.173503184713
289.437 , 329.173503184713
150.976 , 198.437986046512
201.986 , 198.437986046512
200.333 , 198.437986046512
163.713 , 198.437986046512
214.449 , 198.437986046512
217.382 , 262.09373853211
218.678 , 262.09373853211
256.089 , 262.09373853211
2127.82 , 1724.71047766323
2446.32 , 1724.71047766323
360.259 , 329.173503184713
443.839 , 329.173503184713
287.19 , 329.173503184713
242.595 , 264.39596969697
260.621 , 264.39596969697
202.61 , 264.39596969697
221.394 , 327.691049382716
249.21 , 327.691049382716
361.14 , 327.691049382716
272.69 , 390.935841463415
441.631 , 390.935841463415
3141.32 , 2879.24822222222
322.741 , 462.330254658385
354.278 , 462.330254658385
3463.07 , 2879.24822222222
220.131 , 264.39596969697
1849.57 , 2879.24822222222
304.545 , 264.39596969697
393.458 , 327.691049382716
241.71 , 327.691049382716
273.58 , 327.691049382716
430.136 , 327.691049382716
279.838 , 327.691049382716
3141.23 , 2879.24822222222
323.408 , 390.935841463415
338.395 , 390.935841463415
345.516 , 462.330254658385
2140.35 , 2879.24822222222
273.61 , 327.691049382716
295.549 , 327.691049382716
417.197 , 327.691049382716
327.068 , 327.691049382716
458.325 , 327.691049382716
323.814 , 390.935841463415
3462.71 , 2879.24822222222
347.896 , 390.935841463415
4298.12 , 2879.24822222222
4142.1 , 2879.24822222222
387.119 , 462.330254658385
110.863 , 136.151067484663
142.689 , 136.151067484663
173.99 , 193.644581818182
157.803 , 193.644581818182
168.24 , 193.644581818182
153.718 , 193.644581818182
264.861 , 254.866118012422
279.463 , 254.866118012422
201.402 , 254.866118012422
1813.32 , 1724.71047766323
2111.7 , 1724.71047766323
239.487 , 254.866118012422
320.403 , 254.866118012422
341.435 , 254.866118012422
366.472 , 254.866118012422
430.779 , 1724.71047766323
128.436 , 136.151067484663
119.25 , 136.151067484663
144.692 , 136.151067484663
167.966 , 136.151067484663
156.442 , 136.151067484663
1108.08 , 1724.71047766323
1162.89 , 1724.71047766323
228.205 , 292.65393373494
235.874 , 292.65393373494
2210.92 , 1724.71047766323
260.205 , 292.65393373494
241.544 , 292.65393373494
127.737 , 198.437986046512
144.053 , 198.437986046512
146.771 , 198.437986046512
190.957 , 198.437986046512
209.883 , 198.437986046512
294.523 , 262.09373853211
305.123 , 262.09373853211
358.859 , 329.173503184713
242.961 , 329.173503184713
282.387 , 329.173503184713
250.038 , 329.173503184713
297.208 , 329.173503184713
2794.64 , 1724.71047766323
273.178 , 329.173503184713
323.508 , 329.173503184713
196.951 , 262.09373853211
214.6 , 262.09373853211
233.371 , 262.09373853211
251.05 , 262.09373853211
2460.49 , 1724.71047766323
266.11 , 329.173503184713
417.579 , 329.173503184713
294.062 , 329.173503184713
466.943 , 329.173503184713
299.183 , 329.173503184713
254.262 , 264.39596969697
197.024 , 264.39596969697
215.031 , 264.39596969697
226.79 , 264.39596969697
2222.27 , 2879.24822222222
376.982 , 327.691049382716
2872.03 , 2879.24822222222
2913.51 , 2879.24822222222
511.5 , 390.935841463415
227.599 , 264.39596969697
380.184 , 264.39596969697
284.493 , 327.691049382716
448.1 , 327.691049382716
2922.82 , 2879.24822222222
3265.15 , 2879.24822222222
471.86 , 390.935841463415
497.878 , 390.935841463415
311.986 , 390.935841463415
519.096 , 390.935841463415
360.76 , 462.330254658385
3812.03 , 2879.24822222222
366.39 , 462.330254658385
555.943 , 462.330254658385
242.981 , 264.39596969697
2199.14 , 2879.24822222222
377.832 , 264.39596969697
303.827 , 264.39596969697
423.697 , 264.39596969697
290.557 , 327.691049382716
475.377 , 327.691049382716
350.416 , 390.935841463415
538.46 , 390.935841463415
347.651 , 390.935841463415
335.267 , 390.935841463415
566.316 , 390.935841463415
440.814 , 462.330254658385
444.797 , 1724.71047766323
135.588 , 136.151067484663
140.294 , 193.644581818182
1140.69 , 1724.71047766323
192.586 , 193.644581818182
193.621 , 254.866118012422
1493.49 , 1724.71047766323
179.939 , 254.866118012422
188.774 , 254.866118012422
209.992 , 254.866118012422
219.332 , 254.866118012422
1778.54 , 1724.71047766323
321.889 , 254.866118012422
126.776 , 136.151067484663
140.682 , 136.151067484663
194.35 , 136.151067484663
136.53 , 136.151067484663
163.028 , 193.644581818182
183.972 , 193.644581818182
271.395 , 193.644581818182
1440.33 , 1724.71047766323
256.408 , 292.65393373494
314.019 , 292.65393373494
250.537 , 292.65393373494
255.367 , 292.65393373494
282.621 , 292.65393373494
397.869 , 292.65393373494
178.135 , 198.437986046512
153.54 , 198.437986046512
191.066 , 262.09373853211
244.653 , 262.09373853211
318.63 , 262.09373853211
2123.23 , 1724.71047766323
259.509 , 360.836260869565
396.948 , 360.836260869565
254.699 , 360.836260869565
246.356 , 360.836260869565
278.539 , 360.836260869565
269.248 , 360.836260869565
297.411 , 360.836260869565
429.663 , 360.836260869565
216.622 , 198.437986046512
183.512 , 198.437986046512
184.652 , 198.437986046512
218.106 , 262.09373853211
231.369 , 262.09373853211
2176.76 , 1724.71047766323
2573.21 , 1724.71047766323
389.911 , 360.836260869565
2925.11 , 1724.71047766323
292.928 , 360.836260869565
473.395 , 360.836260869565
274.37 , 296.73712345679
182.303 , 296.73712345679
260.351 , 296.73712345679
267.493 , 296.73712345679
1842.38 , 2879.24822222222
386.624 , 362.769082802548
223.562 , 362.769082802548
245.168 , 362.769082802548
263.051 , 362.769082802548
2188.48 , 2879.24822222222
398.88 , 362.769082802548
271.585 , 362.769082802548
302.761 , 427.510570552147
2918.12 , 2879.24822222222
270.545 , 427.510570552147
405.976 , 427.510570552147
3202.27 , 2879.24822222222
358.481 , 462.330254658385
327.573 , 462.330254658385
316.885 , 462.330254658385
359.434 , 462.330254658385
578.966 , 462.330254658385
1885.71 , 2879.24822222222
337.172 , 296.73712345679
200.56 , 296.73712345679
253.813 , 296.73712345679
286.208 , 296.73712345679
2231.62 , 2879.24822222222
399.345 , 296.73712345679
278.663 , 362.769082802548
287.377 , 362.769082802548
443.94 , 362.769082802548
310.703 , 362.769082802548
436.313 , 362.769082802548
293.746 , 427.510570552147
518.605 , 427.510570552147
316.38 , 427.510570552147
526.648 , 427.510570552147
579.973 , 427.510570552147
372.341 , 462.330254658385
596.454 , 462.330254658385
397.723 , 296.73712345679
303.589 , 362.769082802548
2925.28 , 2879.24822222222
325.202 , 362.769082802548
363.37 , 362.769082802548
477.746 , 362.769082802548
515.616 , 362.769082802548
446.876 , 362.769082802548
384.292 , 427.510570552147
395.136 , 427.510570552147
3894.73 , 2879.24822222222
611.143 , 462.330254658385
151.126 , 136.151067484663
146.869 , 136.151067484663
161.055 , 136.151067484663
241.83 , 193.644581818182
1496.15 , 1724.71047766323
297.653 , 254.866118012422
293.178 , 254.866118012422
481.309 , 1724.71047766323
845.022 , 1724.71047766323
1219.22 , 1724.71047766323
231.655 , 193.644581818182
210.516 , 193.644581818182
1570.61 , 1724.71047766323
279.761 , 193.644581818182
332.204 , 292.65393373494
340.601 , 292.65393373494
293.915 , 292.65393373494
235.639 , 198.437986046512
144.607 , 198.437986046512
167.765 , 198.437986046512
184.301 , 198.437986046512
1168.43 , 1724.71047766323
239.788 , 198.437986046512
277.541 , 198.437986046512
305.136 , 262.09373853211
326.422 , 262.09373853211
214.565 , 262.09373853211
301.076 , 262.09373853211
2285.05 , 1724.71047766323
239.282 , 360.836260869565
375.99 , 360.836260869565
2272.4 , 1724.71047766323
468.256 , 360.836260869565
268.964 , 360.836260869565
337.834 , 360.836260869565
465.698 , 360.836260869565
1569.9 , 1724.71047766323
383.523 , 262.09373853211
338.499 , 262.09373853211
386.432 , 262.09373853211
462.47 , 360.836260869565
363.975 , 360.836260869565
332.444 , 296.73712345679
222.277 , 296.73712345679
339.129 , 296.73712345679
317.522 , 362.769082802548
300.405 , 362.769082802548
343.215 , 362.769082802548
328.367 , 427.510570552147
557.229 , 427.510570552147
354.811 , 427.510570552147
429.437 , 462.330254658385
345.769 , 462.330254658385
1885.51 , 2879.24822222222
346.857 , 296.73712345679
365.209 , 427.510570552147
431.101 , 427.510570552147
3634.64 , 2879.24822222222
278.179 , 296.73712345679
279.184 , 296.73712345679
387.081 , 296.73712345679
423.544 , 296.73712345679
2637.37 , 2879.24822222222
467.367 , 362.769082802548
312.476 , 362.769082802548
568.792 , 362.769082802548
609.832 , 427.510570552147
468.669 , 427.510570552147
4044.75 , 2879.24822222222
433.909 , 462.330254658385
106.315 , 136.184695121951
123.342 , 136.184695121951
168.738 , 194.295437209302
253.903 , 256.055610778443
194.83 , 256.055610778443
294.439 , 256.055610778443
2184.08 , 1724.49520477816
231.69 , 256.055610778443
333.623 , 256.055610778443
128.278 , 136.184695121951
168.712 , 136.184695121951
150.043 , 194.295437209302
167.485 , 194.295437209302
223.943 , 194.295437209302
199.83 , 292.53575625
212.948 , 292.53575625
1767.85 , 1724.49520477816
263.11 , 292.53575625
126.258 , 196.405773148148
169.893 , 196.405773148148
213.721 , 196.405773148148
151.74 , 196.405773148148
215.029 , 196.405773148148
176.876 , 261.888627906977
240.834 , 261.888627906977
270.1 , 261.888627906977
1838.74 , 1724.49520477816
213.575 , 261.888627906977
217.044 , 261.888627906977
313.25 , 261.888627906977
346.022 , 325.675223602484
2122.78 , 1724.49520477816
267.283 , 325.675223602484
270.991 , 325.675223602484
446.69 , 325.675223602484
165.13 , 196.405773148148
1145.8 , 1724.49520477816
225.429 , 196.405773148148
242.077 , 196.405773148148
217.515 , 261.888627906977
280.627 , 261.888627906977
2184.29 , 1724.49520477816
321.423 , 261.888627906977
267.954 , 358.46903125
264.47 , 358.46903125
311.149 , 358.46903125
326.334 , 358.46903125
3123.59 , 1724.49520477816
177.597 , 264.068709876543
254.546 , 264.068709876543
201.402 , 264.068709876543
295.73 , 264.068709876543
315.293 , 264.068709876543
241.359 , 264.068709876543
359.617 , 264.068709876543
363.677 , 358.960745341615
265.97 , 358.960745341615
2804.23 , 2893.30532467532
416.101 , 358.960745341615
290.927 , 421.35834591195
310.821 , 458.829161490683
214.97 , 295.869085365854
1800.58 , 2893.30532467532
221.63 , 295.869085365854
359.218 , 295.869085365854
2469.61 , 2893.30532467532
400.951 , 358.960745341615
292.542 , 358.960745341615
354.062 , 421.35834591195
380.644 , 458.829161490683
3800.48 , 2893.30532467532
350.245 , 295.869085365854
233.686 , 295.869085365854
387.376 , 295.869085365854
266.699 , 295.869085365854
406.788 , 295.869085365854
401.671 , 295.869085365854
450.222 , 295.869085365854
480.764 , 358.960745341615
339.967 , 421.35834591195
526.999 , 421.35834591195
521.848 , 421.35834591195
363.228 , 458.829161490683
422.33 , 458.829161490683
132.708 , 194.295437209302
161.144 , 194.295437209302
1100.22 , 1724.49520477816
218.062 , 194.295437209302
1117.14 , 1724.49520477816
201.08 , 194.295437209302
250.288 , 256.055610778443
201.661 , 256.055610778443
209.396 , 256.055610778443
1838.6 , 1724.49520477816
2156.63 , 1724.49520477816
101.37 , 136.184695121951
167.964 , 136.184695121951
178.063 , 194.295437209302
172.482 , 194.295437209302
186.223 , 194.295437209302
199.537 , 194.295437209302
177.754 , 194.295437209302
196.195 , 194.295437209302
294.122 , 292.53575625
201.951 , 292.53575625
280.92 , 292.53575625
341.141 , 292.53575625
345.54 , 292.53575625
399.673 , 292.53575625
274.661 , 292.53575625
293.515 , 292.53575625
175.727 , 196.405773148148
212.589 , 196.405773148148
183.499 , 196.405773148148
241.726 , 261.888627906977
1785.73 , 1724.49520477816
299.095 , 261.888627906977
220.078 , 325.675223602484
280.078 , 325.675223602484
417.166 , 325.675223602484
292.332 , 325.675223602484
224.055 , 196.405773148148
235.467 , 196.405773148148
173.712 , 196.405773148148
256.661 , 196.405773148148
229.599 , 261.888627906977
332.901 , 261.888627906977
236.141 , 261.888627906977
2520.68 , 1724.49520477816
423.257 , 358.46903125
2867.06 , 1724.49520477816
403.002 , 358.46903125
1453.2 , 2893.30532467532
304.86 , 264.068709876543
274.366 , 264.068709876543
256.817 , 358.960745341615
2565.49 , 2893.30532467532
274.791 , 358.960745341615
323.506 , 421.35834591195
357.58 , 421.35834591195
471.49 , 421.35834591195
362.642 , 458.829161490683
496.61 , 458.829161490683
482.176 , 458.829161490683
347.619 , 458.829161490683
331.115 , 295.869085365854
257.56 , 295.869085365854
2574.14 , 2893.30532467532
286.986 , 358.960745341615
281.208 , 358.960745341615
2801.25 , 2893.30532467532
295.609 , 358.960745341615
491.871 , 358.960745341615
322.982 , 421.35834591195
347.562 , 421.35834591195
558.365 , 421.35834591195
349.063 , 458.829161490683
251.09 , 295.869085365854
275.023 , 295.869085365854
281.681 , 295.869085365854
275.834 , 295.869085365854
444.065 , 358.960745341615
356.598 , 358.960745341615
363.99 , 358.960745341615
497.644 , 358.960745341615
322.549 , 358.960745341615
483.732 , 358.960745341615
520.45 , 358.960745341615
523.404 , 421.35834591195
384.882 , 458.829161490683
416.766 , 458.829161490683
578.439 , 458.829161490683
399.482 , 458.829161490683
117.294 , 136.184695121951
106.038 , 136.184695121951
177.496 , 194.295437209302
136.121 , 194.295437209302
192.593 , 194.295437209302
200.063 , 194.295437209302
162.633 , 194.295437209302
215.363 , 256.055610778443
234.392 , 256.055610778443
127.142 , 136.184695121951
124.428 , 136.184695121951
154.333 , 136.184695121951
168.231 , 136.184695121951
152.403 , 194.295437209302
189.501 , 194.295437209302
213.608 , 194.295437209302
247.319 , 292.53575625
276.185 , 292.53575625
376.033 , 292.53575625
276.645 , 292.53575625
286.938 , 292.53575625
130.026 , 196.405773148148
137.64 , 196.405773148148
770.613 , 1724.49520477816
816.446 , 1724.49520477816
1168.28 , 1724.49520477816
230.178 , 196.405773148148
257.213 , 196.405773148148
259.407 , 261.888627906977
1866.56 , 1724.49520477816
280.003 , 325.675223602484
381.572 , 325.675223602484
324.453 , 325.675223602484
418.29 , 325.675223602484
331.967 , 325.675223602484
403.019 , 325.675223602484
442.365 , 325.675223602484
199.794 , 196.405773148148
1179.13 , 1724.49520477816
1162.57 , 1724.49520477816
199.948 , 196.405773148148
205.042 , 196.405773148148
182.805 , 196.405773148148
200.526 , 261.888627906977
384.169 , 261.888627906977
223.384 , 261.888627906977
2130.54 , 1724.49520477816
307.951 , 358.46903125
399.761 , 358.46903125
439.638 , 358.46903125
310.058 , 358.46903125
488.169 , 358.46903125
1532.12 , 2893.30532467532
213.999 , 264.068709876543
233.781 , 264.068709876543
255.335 , 264.068709876543
1876.76 , 2893.30532467532
303.839 , 264.068709876543
257.529 , 264.068709876543
2226.6 , 2893.30532467532
2470.4 , 2893.30532467532
444.193 , 394.539243902439
535.614 , 421.35834591195
286.175 , 333.947417721519
258.804 , 333.947417721519
325.947 , 333.947417721519
264.018 , 333.947417721519
291.62 , 333.947417721519
2922.52 , 2893.30532467532
449.052 , 394.539243902439
304.8 , 394.539243902439
344.136 , 394.539243902439
555.175 , 421.35834591195
368.533 , 421.35834591195
525.503 , 458.829161490683
3892.91 , 2893.30532467532
326.589 , 333.947417721519
287.212 , 333.947417721519
330.307 , 333.947417721519
449.116 , 333.947417721519
311.247 , 333.947417721519
300.453 , 333.947417721519
316.698 , 333.947417721519
356.018 , 333.947417721519
293.606 , 394.539243902439
3152.57 , 2893.30532467532
390.084 , 394.539243902439
3975.44 , 2893.30532467532
628.25 , 421.35834591195
4327.98 , 2893.30532467532
599.769 , 458.829161490683
121.278 , 136.184695121951
144.911 , 136.184695121951
825.364 , 1724.49520477816
168.553 , 194.295437209302
821.637 , 1724.49520477816
200.771 , 194.295437209302
213.524 , 256.055610778443
241.046 , 256.055610778443
1890.98 , 1724.49520477816
1853.61 , 1724.49520477816
257.126 , 256.055610778443
455.376 , 1724.49520477816
200.315 , 136.184695121951
809.877 , 1724.49520477816
202.769 , 136.184695121951
235.978 , 194.295437209302
1517.07 , 1724.49520477816
237.562 , 292.53575625
260.525 , 292.53575625
409.398 , 292.53575625
333 , 292.53575625
2621.4 , 1724.49520477816
214.381 , 196.405773148148
283.727 , 261.888627906977
260.662 , 261.888627906977
220.696 , 261.888627906977
245.33 , 261.888627906977
273.083 , 325.675223602484
296.398 , 325.675223602484
384.173 , 325.675223602484
325.172 , 325.675223602484
1217.31 , 1724.49520477816
296.424 , 261.888627906977
429.106 , 261.888627906977
381.694 , 261.888627906977
350.617 , 358.46903125
269.376 , 358.46903125
300.996 , 358.46903125
341.604 , 358.46903125
293.554 , 358.46903125
326.388 , 358.46903125
558.029 , 358.46903125
466.24 , 358.46903125
3321.44 , 1724.49520477816
561.765 , 358.46903125
194.148 , 264.068709876543
1576.3 , 2893.30532467532
251.765 , 264.068709876543
288.411 , 264.068709876543
344.623 , 264.068709876543
317.215 , 394.539243902439
475.07 , 394.539243902439
403.293 , 421.35834591195
432.434 , 458.829161490683
274.107 , 333.947417721519
221.383 , 333.947417721519
221.444 , 333.947417721519
288.063 , 333.947417721519
241.889 , 333.947417721519
426.843 , 333.947417721519
384.781 , 394.539243902439
2992.62 , 2893.30532467532
3350.64 , 2893.30532467532
559.861 , 394.539243902439
357.579 , 394.539243902439
352.045 , 394.539243902439
346.506 , 421.35834591195
611.155 , 421.35834591195
4047.76 , 2893.30532467532
599.811 , 458.829161490683
341.897 , 333.947417721519
333.349 , 333.947417721519
331.128 , 333.947417721519
358.19 , 394.539243902439
386.287 , 394.539243902439
509.058 , 394.539243902439
383.826 , 394.539243902439
549.587 , 421.35834591195
657.554 , 421.35834591195
384.673 , 458.829161490683
590.737 , 458.829161490683
118.913 , 136.285425925926
137.249 , 136.285425925926
152.047 , 191.278895927602
1102.71 , 1696.27512056738
1477.41 , 1696.27512056738
190.135 , 254.586814371257
1774.61 , 1696.27512056738
322.768 , 254.586814371257
110.421 , 136.285425925926
120.324 , 136.285425925926
136.746 , 136.285425925926
125.467 , 136.285425925926
771.305 , 1696.27512056738
152.18 , 191.278895927602
258.123 , 191.278895927602
185.956 , 191.278895927602
253.256 , 191.278895927602
1443.09 , 1696.27512056738
197.181 , 296.072188679245
1835.71 , 1696.27512056738
293.862 , 296.072188679245
2179.25 , 1696.27512056738
323.663 , 296.072188679245
223.301 , 296.072188679245
357.433 , 296.072188679245
249.151 , 296.072188679245
247.86 , 296.072188679245
240.759 , 296.072188679245
2441.03 , 1696.27512056738
134.043 , 195.482186602871
174.416 , 195.482186602871
149.019 , 195.482186602871
1095.09 , 1696.27512056738
1487.98 , 1696.27512056738
254.912 , 262.244183962264
201.68 , 262.244183962264
216.473 , 262.244183962264
199.991 , 262.244183962264
210.01 , 262.244183962264
295.952 , 262.244183962264
337.134 , 323.934472727273
247.78 , 323.934472727273
384.945 , 323.934472727273
2464.05 , 1696.27512056738
214.899 , 195.482186602871
210.684 , 195.482186602871
177.939 , 195.482186602871
259.205 , 195.482186602871
1839.8 , 1696.27512056738
348.124 , 262.244183962264
2783.54 , 1696.27512056738
2805.08 , 1696.27512056738
445.323 , 358.753742331288
290.949 , 358.753742331288
3238.92 , 1696.27512056738
480.632 , 358.753742331288
313.22 , 358.753742331288
302.801 , 358.753742331288
192.368 , 265.798691823899
192.576 , 265.798691823899
1460.33 , 2872.65309012876
305.323 , 265.798691823899
241.796 , 265.798691823899
2465.78 , 2872.65309012876
403.351 , 362.321169811321
321.225 , 423.603012578616
326.653 , 460.304787878788
210.582 , 298.471796407186
242.155 , 298.471796407186
233.694 , 298.471796407186
405.486 , 362.321169811321
449.987 , 362.321169811321
445.394 , 362.321169811321
3123.51 , 2872.65309012876
317.131 , 423.603012578616
481.286 , 423.603012578616
539.357 , 423.603012578616
347.961 , 460.304787878788
218.715 , 333.221303030303
321.664 , 333.221303030303
2896.17 , 2872.65309012876
294.522 , 362.321169811321
314.74 , 362.321169811321
317.053 , 362.321169811321
353.821 , 362.321169811321
363.71 , 423.603012578616
407.385 , 460.304787878788
626.52 , 460.304787878788
241.497 , 254.586814371257
298.184 , 254.586814371257
323.372 , 254.586814371257
228.642 , 254.586814371257
2191.43 , 1696.27512056738
129.291 , 136.285425925926
126.606 , 136.285425925926
806.62 , 1696.27512056738
157.897 , 191.278895927602
160.273 , 191.278895927602
1445.98 , 1696.27512056738
251.218 , 191.278895927602
279.739 , 191.278895927602
211.6 , 296.072188679245
195.888 , 296.072188679245
226.779 , 296.072188679245
243.205 , 296.072188679245
2555.73 , 1696.27512056738
1164.09 , 1696.27512056738
223.824 , 195.482186602871
184.046 , 262.244183962264
203.922 , 262.244183962264
272.645 , 262.244183962264
1512.1 , 1696.27512056738
317.146 , 262.244183962264
201.939 , 262.244183962264
342.96 , 323.934472727273
261.502 , 323.934472727273
274.969 , 323.934472727273
2561.59 , 1696.27512056738
445.741 , 323.934472727273
294.309 , 323.934472727273
160.51 , 195.482186602871
185.809 , 195.482186602871
184.754 , 195.482186602871
242.351 , 195.482186602871
202.377 , 195.482186602871
226.841 , 262.244183962264
219.512 , 262.244183962264
359.621 , 262.244183962264
220.201 , 262.244183962264
250.956 , 358.753742331288
266.028 , 358.753742331288
430.321 , 358.753742331288
430.357 , 358.753742331288
442.094 , 358.753742331288
352.631 , 358.753742331288
178.816 , 265.798691823899
188.728 , 265.798691823899
213.096 , 265.798691823899
231.687 , 265.798691823899
203.512 , 265.798691823899
245.293 , 265.798691823899
345.6 , 265.798691823899
251.339 , 362.321169811321
275.463 , 362.321169811321
269.533 , 362.321169811321
287.416 , 362.321169811321
446.644 , 362.321169811321
403.522 , 362.321169811321
292.704 , 362.321169811321
301.574 , 423.603012578616
491.21 , 423.603012578616
475.433 , 423.603012578616
3569.48 , 2872.65309012876
3612.59 , 2872.65309012876
283.415 , 298.471796407186
360.942 , 298.471796407186
242.795 , 298.471796407186
345.277 , 298.471796407186
2462.04 , 2872.65309012876
300.963 , 298.471796407186
292.692 , 362.321169811321
3134.54 , 2872.65309012876
457.009 , 362.321169811321
335.265 , 423.603012578616
3472.86 , 2872.65309012876
483.494 , 423.603012578616
339.846 , 423.603012578616
390.522 , 460.304787878788
234.183 , 333.221303030303
335.368 , 333.221303030303
257.949 , 333.221303030303
269.645 , 333.221303030303
2885.82 , 2872.65309012876
317.496 , 362.321169811321
335.495 , 362.321169811321
326.106 , 362.321169811321
3479.77 , 2872.65309012876
340.156 , 362.321169811321
602.058 , 423.603012578616
4151.03 , 2872.65309012876
403.655 , 460.304787878788
152.443 , 136.285425925926
181.117 , 191.278895927602
180.547 , 191.278895927602
207.598 , 254.586814371257
231.944 , 254.586814371257
198.623 , 254.586814371257
297.718 , 254.586814371257
246.141 , 254.586814371257
348.556 , 254.586814371257
139.393 , 136.285425925926
428.674 , 1696.27512056738
157.215 , 136.285425925926
162.461 , 136.285425925926
193.11 , 136.285425925926
233.703 , 191.278895927602
219.738 , 191.278895927602
175.527 , 191.278895927602
242.765 , 191.278895927602
332.618 , 296.072188679245
238.221 , 296.072188679245
1828.21 , 1696.27512056738
229.555 , 296.072188679245
343.571 , 296.072188679245
262.514 , 296.072188679245
254.016 , 296.072188679245
143.739 , 195.482186602871
825.145 , 1696.27512056738
195.951 , 195.482186602871
175.153 , 195.482186602871
197.015 , 195.482186602871
246.96 , 195.482186602871
158.035 , 195.482186602871
181.866 , 262.244183962264
217.689 , 262.244183962264
280.851 , 323.934472727273
2466.73 , 1696.27512056738
2918.98 , 1696.27512056738
438.72 , 323.934472727273
489.002 , 323.934472727273
176.02 , 195.482186602871
1112.94 , 1696.27512056738
294.786 , 195.482186602871
1447.03 , 1696.27512056738
231.026 , 262.244183962264
1875.11 , 1696.27512056738
303.043 , 262.244183962264
400.109 , 262.244183962264
278.545 , 358.753742331288
346.955 , 358.753742331288
373.154 , 358.753742331288
3200.85 , 1696.27512056738
531.121 , 358.753742331288
206.349 , 265.798691823899
192.136 , 265.798691823899
200.228 , 265.798691823899
1789.98 , 2872.65309012876
321.616 , 265.798691823899
293.989 , 265.798691823899
362.962 , 265.798691823899
365.436 , 396.809956790123
404.559 , 396.809956790123
279.841 , 396.809956790123
510.65 , 423.603012578616
445.68 , 423.603012578616
3494.52 , 2872.65309012876
368.251 , 460.304787878788
525.469 , 460.304787878788
239.188 , 298.471796407186
267.774 , 298.471796407186
303.819 , 396.809956790123
269.866 , 396.809956790123
445.546 , 396.809956790123
361.235 , 423.603012578616
395.528 , 460.304787878788
572.936 , 460.304787878788
265.908 , 333.221303030303
286.103 , 333.221303030303
246.938 , 333.221303030303
292.14 , 333.221303030303
2813.93 , 2872.65309012876
449.818 , 333.221303030303
3276.81 , 2872.65309012876
327.475 , 396.809956790123
316.586 , 396.809956790123
353.741 , 396.809956790123
416.406 , 423.603012578616
571.645 , 423.603012578616
409.92 , 460.304787878788
362.809 , 460.304787878788
419.014 , 460.304787878788
137.374 , 136.285425925926
142.577 , 136.285425925926
164.801 , 136.285425925926
797.22 , 1696.27512056738
241.392 , 254.586814371257
112.574 , 136.285425925926
151.806 , 136.285425925926
276.132 , 191.278895927602
265.233 , 191.278895927602
194.776 , 191.278895927602
243.833 , 191.278895927602
260.368 , 296.072188679245
1948.43 , 1696.27512056738
1871.59 , 1696.27512056738
1902.79 , 1696.27512056738
316.382 , 296.072188679245
293.332 , 296.072188679245
195.734 , 195.482186602871
236.497 , 195.482186602871
193.926 , 195.482186602871
267.399 , 262.244183962264
222.254 , 262.244183962264
1557.41 , 1696.27512056738
1867.31 , 1696.27512056738
335.111 , 262.244183962264
370.549 , 262.244183962264
419.349 , 323.934472727273
313.231 , 323.934472727273
2641.95 , 1696.27512056738
434.328 , 323.934472727273
420.837 , 323.934472727273
3006.97 , 1696.27512056738
205.325 , 195.482186602871
1218.33 , 1696.27512056738
267.228 , 195.482186602871
285.635 , 195.482186602871
172.285 , 195.482186602871
168.539 , 195.482186602871
248.314 , 195.482186602871
214.912 , 195.482186602871
375.828 , 262.244183962264
2286.49 , 1696.27512056738
270.748 , 262.244183962264
377.482 , 262.244183962264
2929.63 , 1696.27512056738
402.701 , 358.753742331288
350.709 , 358.753742331288
295.027 , 265.798691823899
1879.8 , 2872.65309012876
248.797 , 265.798691823899
241.745 , 265.798691823899
383.695 , 265.798691823899
304.788 , 396.809956790123
289.962 , 396.809956790123
467.378 , 396.809956790123
384.295 , 460.304787878788
267.928 , 298.471796407186
433.209 , 298.471796407186
267.453 , 298.471796407186
376.777 , 396.809956790123
319.823 , 396.809956790123
561.62 , 396.809956790123
555.574 , 423.603012578616
509.104 , 423.603012578616
382.964 , 423.603012578616
432.61 , 423.603012578616
407.916 , 460.304787878788
3981.36 , 2872.65309012876
272.464 , 333.221303030303
306.203 , 333.221303030303
427.241 , 333.221303030303
329.318 , 333.221303030303
516.315 , 396.809956790123
394.435 , 396.809956790123
433.039 , 396.809956790123
3688.64 , 2872.65309012876
