actual,predict
101.754,173.1179429
101.789,173.1179429
106.315,173.1179429
430.014,1807.09744
118.088,173.1179429
122.949,173.1179429
103.588,173.1179429
102.543,173.1179429
106.113,173.1179429
416.52,1807.09744
119.877,173.1179429
123.342,173.1179429
118.913,173.1179429
116.237,173.1179429
120.012,173.1179429
430.928,1807.09744
133.761,173.1179429
137.249,173.1179429
126.927,173.1179429
126.892,173.1179429
134.618,173.1179429
777.809,1807.09744
160.207,173.1179429
168.738,173.1179429
127.051,173.1179429
125.633,173.1179429
132.852,173.1179429
752.307,1807.09744
160.052,173.1179429
166.997,173.1179429
142.309,173.1179429
139.344,173.1179429
146.709,173.1179429
766.649,1807.09744
173.812,173.1179429
180.872,173.1179429
152.047,173.1179429
150.944,173.1179429
161.649,173.1179429
1129.36,1807.09744
201.456,173.1179429
212.176,173.1179429
151.52,173.1179429
148.629,173.1179429
159.269,173.1179429
1090.99,1807.09744
199.77,173.1179429
209.832,173.1179429
166.679,173.1179429
162.486,173.1179429
173.409,173.1179429
1102.71,1807.09744
213.996,173.1179429
224.217,173.1179429
176.019,278.669463
173.899,278.669463
189.451,278.669463
1477.41,2964.0663
241.854,278.669463
257.167,278.669463
174.8,278.669463
171.684,278.669463
185.723,278.669463
1427.31,2964.0663
240.639,278.669463
253.101,278.669463
190.135,278.669463
185.433,278.669463
199.975,278.669463
1438.34,2964.0663
253.903,278.669463
267.551,278.669463
200.311,278.669463
197.214,278.669463
216.25,278.669463
1830.23,2964.0663
282.722,278.669463
301.309,278.669463
199.403,278.669463
194.83,278.669463
213.105,278.669463
1763.75,2964.0663
282.952,278.669463
302.857,278.669463
214.959,278.669463
208.475,278.669463
226.739,278.669463
1774.61,2964.0663
294.439,278.669463
315.402,278.669463
223.693,278.669463
220.704,278.669463
243.058,278.669463
2184.08,2964.0663
322.768,278.669463
345.461,278.669463
222.712,278.669463
217.857,278.669463
239.383,278.669463
2103.1,2964.0663
318.349,278.669463
340.01,278.669463
238.468,278.669463
231.69,278.669463
253.355,278.669463
2114.55,2964.0663
333.623,278.669463
354.485,278.669463
100.795,173.1179429
100.892,173.1179429
107.813,173.1179429
436.704,1807.09744
117.788,173.1179429
123.114,173.1179429
100.315,173.1179429
100.444,173.1179429
106.364,173.1179429
421.819,1807.09744
117.683,173.1179429
122.984,173.1179429
111.783,173.1179429
110.421,173.1179429
120.324,173.1179429
436.26,1807.09744
128.278,173.1179429
136.746,173.1179429
127.204,173.1179429
125.993,173.1179429
135.351,173.1179429
784.054,1807.09744
159.495,173.1179429
168.712,173.1179429
128.044,173.1179429
125.467,173.1179429
132.929,173.1179429
755.845,1807.09744
159.659,173.1179429
166.802,173.1179429
143.21,173.1179429
137.698,173.1179429
146.674,173.1179429
771.305,1807.09744
172.493,173.1179429
180.55,173.1179429
152.159,173.1179429
150.043,173.1179429
162.644,173.1179429
1135.52,1807.09744
201.158,173.1179429
213.061,173.1179429
152.18,173.1179429
148.515,173.1179429
159.326,173.1179429
1093.25,1807.09744
199.575,173.1179429
210.483,173.1179429
167.485,173.1179429
162.318,173.1179429
173.514,173.1179429
1104.4,1807.09744
213.048,173.1179429
223.943,173.1179429
176.492,173.1179429
174.024,173.1179429
189.148,173.1179429
1480.08,1807.09744
241.937,173.1179429
258.123,173.1179429
175.902,173.1179429
171.541,173.1179429
185.956,173.1179429
1428.75,1807.09744
239.464,173.1179429
253.256,173.1179429
191.425,173.1179429
185.38,173.1179429
199.601,173.1179429
1443.09,1807.09744
252.813,173.1179429
267.393,173.1179429
202.147,278.669463
197.181,278.669463
216.868,278.669463
1835.71,2964.0663
283.449,278.669463
302.136,278.669463
199.83,278.669463
194.679,278.669463
212.948,278.669463
1767.85,2964.0663
279.601,278.669463
296.932,278.669463
215.395,278.669463
208.641,278.669463
226.557,278.669463
1784.78,2964.0663
293.862,278.669463
310.231,278.669463
225.245,278.669463
220.744,278.669463
243.708,278.669463
2179.25,2964.0663
323.663,278.669463
346.815,278.669463
223.301,278.669463
217.668,278.669463
239.01,278.669463
2102.31,2964.0663
318.465,278.669463
343.871,278.669463
238.942,278.669463
231.515,278.669463
253.607,278.669463
2119.95,2964.0663
333.928,278.669463
357.433,278.669463
249.151,278.669463
244.392,278.669463
270.462,278.669463
2538.94,2964.0663
364.335,278.669463
390.005,278.669463
247.86,278.669463
240.759,278.669463
266.188,278.669463
2441.03,2964.0663
359.453,278.669463
388.281,278.669463
263.11,278.669463
254.564,278.669463
281.797,278.669463
2457.13,2964.0663
373.557,278.669463
398.347,278.669463
126.258,201.1100048
126.822,201.1100048
136.78,201.1100048
790.322,1807.09744
160.125,201.1100048
169.893,201.1100048
125.574,201.1100048
125.984,201.1100048
134.043,201.1100048
761.665,1807.09744
160.375,201.1100048
167.607,201.1100048
137.005,201.1100048
139.437,201.1100048
148.221,201.1100048
776.522,1807.09744
174.416,201.1100048
181.971,201.1100048
152.787,201.1100048
150.166,201.1100048
163.814,201.1100048
1140.75,1807.09744
201.242,201.1100048
213.721,201.1100048
151.74,201.1100048
149.019,201.1100048
160.454,201.1100048
1095.09,1807.09744
200.735,201.1100048
211.523,201.1100048
168.637,201.1100048
163.344,201.1100048
175.101,201.1100048
1111.95,1807.09744
215.029,201.1100048
226.737,201.1100048
176.876,267.8458571
173.847,267.8458571
190.021,267.8458571
1487.98,1807.09744
242.048,267.8458571
259.264,267.8458571
175.973,267.8458571
172.497,267.8458571
187.174,267.8458571
1429.75,1807.09744
240.834,267.8458571
254.912,267.8458571
192.448,267.8458571
186.856,267.8458571
202.181,267.8458571
1449.29,1807.09744
254.868,267.8458571
270.1,267.8458571
201.68,267.8458571
197.433,267.8458571
216.473,267.8458571
1838.74,1807.09744
282.807,267.8458571
302.957,267.8458571
199.991,267.8458571
195.449,267.8458571
213.575,267.8458571
1767.2,1807.09744
280.996,267.8458571
298.207,267.8458571
217.044,267.8458571
210.01,267.8458571
228.533,267.8458571
1787.08,1807.09744
295.952,267.8458571
313.25,267.8458571
226.306,348.7183303
221.306,348.7183303
243.668,348.7183303
2190.42,2964.0663
322.406,348.7183303
346.022,348.7183303
223.402,348.7183303
218.641,348.7183303
240.11,348.7183303
2107.13,2964.0663
321.204,348.7183303
342.111,348.7183303
240.999,348.7183303
233.592,348.7183303
255.654,348.7183303
2122.78,2964.0663
337.134,348.7183303
357.698,348.7183303
249.496,348.7183303
244.42,348.7183303
270.596,348.7183303
2536.14,2964.0663
363.499,348.7183303
390.443,348.7183303
247.78,348.7183303
241.605,348.7183303
267.186,348.7183303
2447.2,2964.0663
360.746,348.7183303
384.945,348.7183303
265.241,348.7183303
256.752,348.7183303
282.324,348.7183303
2464.05,2964.0663
376.234,348.7183303
399.515,348.7183303
273.219,348.7183303
267.283,348.7183303
297.772,348.7183303
2884.46,2964.0663
404.142,308.0459856
436.101,308.0459856
270.991,308.0459856
264.699,308.0459856
293.713,308.0459856
2780.57,1683.987734
407.302,308.0459856
431.754,308.0459856
289.437,308.0459856
279.765,308.0459856
308.913,308.0459856
2801.69,1683.987734
418.073,308.0459856
446.69,308.0459856
152.796,253.6259926
150.976,253.6259926
165.13,253.6259926
1145.8,1683.987734
201.986,253.6259926
214.899,253.6259926
152.67,253.6259926
149.282,253.6259926
160.858,253.6259926
1101.24,1683.987734
200.333,253.6259926
210.684,253.6259926
166.661,253.6259926
163.713,253.6259926
175.453,253.6259926
1118.25,1683.987734
214.449,253.6259926
225.429,253.6259926
177.939,253.6259926
174.832,253.6259926
190.593,253.6259926
1492.14,1683.987734
242.077,253.6259926
259.205,253.6259926
177.144,253.6259926
172.229,253.6259926
187.511,253.6259926
1434.01,1683.987734
240.317,253.6259926
254.862,253.6259926
193.01,253.6259926
186.934,253.6259926
202.524,253.6259926
1454.18,1683.987734
255.245,253.6259926
270.212,253.6259926
202.767,253.6259926
197.777,253.6259926
217.515,253.6259926
1839.8,1683.987734
283.17,253.6259926
304.61,253.6259926
201.045,253.6259926
195.378,253.6259926
214.015,253.6259926
1771.75,1683.987734
280.627,253.6259926
298.42,253.6259926
217.382,253.6259926
210.115,253.6259926
229.038,253.6259926
1786.92,1683.987734
295.345,253.6259926
313.794,253.6259926
226.247,335.2196278
221.142,335.2196278
246.171,335.2196278
2184.29,1683.987734
323.363,335.2196278
348.124,335.2196278
225.404,335.2196278
218.678,335.2196278
241.005,335.2196278
2110.61,1683.987734
321.423,335.2196278
342.558,335.2196278
241.592,335.2196278
234.27,335.2196278
256.089,335.2196278
2127.82,1683.987734
336.164,335.2196278
359.615,335.2196278
251.349,335.2196278
244.475,335.2196278
272.653,335.2196278
2536.45,1683.987734
363.484,335.2196278
392.313,335.2196278
248.894,335.2196278
241.655,335.2196278
266.982,335.2196278
2446.32,1683.987734
360.259,335.2196278
385.081,335.2196278
265.813,335.2196278
256.732,335.2196278
282.787,335.2196278
2465.14,1683.987734
376.219,335.2196278
404.448,335.2196278
274.095,399.0194611
267.954,399.0194611
300.345,399.0194611
2886.91,1683.987734
403.769,399.0194611
435.986,399.0194611
273.227,399.0194611
264.47,399.0194611
294.169,399.0194611
2783.54,1683.987734
400.292,399.0194611
430.263,399.0194611
289.353,399.0194611
279.702,399.0194611
311.149,399.0194611
2805.08,1683.987734
416.262,399.0194611
445.323,399.0194611
299.009,399.0194611
290.949,399.0194611
326.334,399.0194611
3238.92,1683.987734
443.839,399.0194611
480.632,399.0194611
297.07,399.0194611
287.19,399.0194611
321.544,399.0194611
3123.59,1683.987734
440.92,399.0194611
472.824,399.0194611
313.22,399.0194611
302.801,399.0194611
339.02,399.0194611
3143.16,1683.987734
457.451,399.0194611
487.577,399.0194611
177.597,253.6259926
175.41,253.6259926
192.368,253.6259926
1497.51,2952.640275
242.595,253.6259926
260.621,253.6259926
176.429,253.6259926
172.476,253.6259926
187.884,253.6259926
1442.06,2952.640275
240.585,253.6259926
254.546,253.6259926
192.576,253.6259926
187.258,253.6259926
202.61,253.6259926
1460.33,2952.640275
255.081,253.6259926
268.768,253.6259926
202.995,253.6259926
197.555,253.6259926
219.56,253.6259926
1846.37,2952.640275
283.856,253.6259926
305.323,253.6259926
201.402,253.6259926
195.406,253.6259926
214.38,253.6259926
1778.57,2952.640275
281.028,253.6259926
297.958,253.6259926
217.636,253.6259926
210.263,253.6259926
229.336,253.6259926
1796.46,2952.640275
295.73,253.6259926
315.293,253.6259926
226.854,253.6259926
221.394,253.6259926
247.953,253.6259926
2189.31,2952.640275
322.867,253.6259926
349.363,253.6259926
224.937,253.6259926
218.676,253.6259926
241.359,253.6259926
2113.86,2952.640275
321.515,253.6259926
341.862,253.6259926
241.796,253.6259926
233.692,253.6259926
258.533,253.6259926
2132.19,2952.640275
335.718,253.6259926
359.617,253.6259926
251.632,335.2196278
245.238,335.2196278
273.927,335.2196278
2544.34,2952.640275
363.677,335.2196278
392.845,335.2196278
249.21,335.2196278
241.809,335.2196278
267.642,335.2196278
2445.99,2952.640275
361.14,335.2196278
384.939,335.2196278
265.97,335.2196278
257.116,335.2196278
285.078,335.2196278
2465.78,2952.640275
376.741,335.2196278
403.351,335.2196278
274.729,335.2196278
268.241,335.2196278
300.785,335.2196278
2889.81,2952.640275
403.909,335.2196278
437.975,335.2196278
272.69,335.2196278
264.819,335.2196278
294.136,335.2196278
2785.28,2952.640275
400.891,335.2196278
428.234,335.2196278
289.847,335.2196278
279.605,335.2196278
311.805,335.2196278
2804.23,2952.640275
416.101,335.2196278
446.979,335.2196278
299.206,399.0194611
290.927,399.0194611
328.066,399.0194611
3245.92,2952.640275
445.488,399.0194611
481.616,399.0194611
297.367,399.0194611
288.664,399.0194611
321.225,399.0194611
3124.49,2952.640275
441.631,399.0194611
472.023,399.0194611
314.243,399.0194611
303.199,399.0194611
339.504,399.0194611
3141.32,2952.640275
457.832,399.0194611
492.759,399.0194611
322.741,399.0194611
315.341,399.0194611
354.278,399.0194611
3590.39,2952.640275
486.267,399.0194611
525.007,399.0194611
320.428,399.0194611
310.821,399.0194611
347.891,399.0194611
3463.07,2952.640275
481.017,399.0194611
516.47,399.0194611
337.694,399.0194611
326.653,399.0194611
365.929,399.0194611
3474.53,2952.640275
497.801,399.0194611
534.299,399.0194611
202.756,319.3238889
198.6,319.3238889
220.131,319.3238889
1849.57,2952.640275
284.331,319.3238889
304.545,319.3238889
201.285,319.3238889
195.79,319.3238889
214.97,319.3238889
1782.65,2952.640275
281.044,319.3238889
298.251,319.3238889
217.579,319.3238889
210.582,319.3238889
231.412,319.3238889
1800.58,2952.640275
295.698,319.3238889
312.831,319.3238889
227.905,319.3238889
221.63,319.3238889
246.634,319.3238889
2195.78,2952.640275
323.105,319.3238889
349.351,319.3238889
225.805,319.3238889
218.675,319.3238889
241.562,319.3238889
2117.21,2952.640275
321.621,319.3238889
343.236,319.3238889
242.155,319.3238889
233.694,319.3238889
258.668,319.3238889
2133.63,2952.640275
336.087,319.3238889
359.218,319.3238889
252.187,319.3238889
245.102,319.3238889
272.897,319.3238889
2537.45,2952.640275
364.262,319.3238889
393.458,319.3238889
249.992,319.3238889
241.71,319.3238889
269.348,319.3238889
2452.47,2952.640275
362.889,319.3238889
387.015,319.3238889
266.031,319.3238889
256.964,319.3238889
285.219,319.3238889
2469.61,2952.640275
378.01,319.3238889
404.077,319.3238889
275.93,399.0020688
270.254,399.0020688
299.499,399.0020688
2890.07,2952.640275
405.486,399.0020688
437.114,399.0020688
273.58,399.0020688
264.773,399.0020688
295.638,399.0020688
2783.73,2952.640275
400.951,399.0020688
430.136,399.0020688
290.211,399.0020688
279.838,399.0020688
314.128,399.0020688
2805.94,2952.640275
416.829,399.0020688
449.987,399.0020688
300.03,399.0020688
292.542,399.0020688
327.388,399.0020688
3241.05,2952.640275
445.394,399.0020688
480.646,399.0020688
297.553,399.0020688
288.039,399.0020688
322.238,446.6333069
3123.51,2856.651106
441.648,446.6333069
473.341,446.6333069
314.547,446.6333069
303.602,446.6333069
339.52,446.6333069
3141.23,2856.651106
457.298,446.6333069
493.089,446.6333069
323.408,446.6333069
317.131,446.6333069
354.062,446.6333069
3591.76,2856.651106
486.628,446.6333069
524.609,446.6333069
321.552,446.6333069
311.18,446.6333069
349.14,446.6333069
3460.78,2856.651106
481.286,446.6333069
516.609,446.6333069
338.395,446.6333069
326.457,446.6333069
368.906,446.6333069
3478.38,2856.651106
500.296,446.6333069
539.357,446.6333069
347.961,446.6333069
340.195,446.6333069
380.644,446.6333069
3941.18,2856.651106
526.084,446.6333069
568.507,446.6333069
345.516,446.6333069
334.134,446.6333069
375.799,446.6333069
3800.48,2856.651106
521.301,446.6333069
558.889,446.6333069
362.356,446.6333069
349.692,446.6333069
395.495,446.6333069
3812.89,2856.651106
538.862,446.6333069
581.69,446.6333069
227.647,280.1617485
221.848,280.1617485
247.558,280.1617485
2201.41,1748.468171
324.106,280.1617485
350.245,280.1617485
224.993,280.1617485
218.715,280.1617485
242.537,280.1617485
2120.95,1748.468171
321.664,280.1617485
343.022,280.1617485
241.138,280.1617485
233.686,280.1617485
260.136,280.1617485
2140.35,1748.468171
336.461,280.1617485
358.121,280.1617485
252.89,280.1617485
247.049,280.1617485
273.823,280.1617485
2549.32,1748.468171
365.561,280.1617485
393.502,280.1617485
249.927,280.1617485
242.199,280.1617485
269.262,280.1617485
2455.11,1748.468171
362.132,280.1617485
387.376,280.1617485
266.699,280.1617485
256.728,280.1617485
288.123,280.1617485
2474.05,1748.468171
377.137,280.1617485
406.849,280.1617485
276.287,344.6411515
270.308,344.6411515
299.517,344.6411515
2896.17,1748.468171
406.788,344.6411515
437.056,344.6411515
273.61,344.6411515
264.899,344.6411515
295.549,344.6411515
2788.82,1748.468171
401.671,344.6411515
430.706,344.6411515
290.333,344.6411515
279.83,344.6411515
314.13,344.6411515
2806.68,1748.468171
417.197,344.6411515
450.222,344.6411515
300.714,344.6411515
294.522,344.6411515
327.068,344.6411515
3245.85,1748.468171
446.717,344.6411515
480.764,344.6411515
297.809,344.6411515
288.13,344.6411515
322.615,344.6411515
3122.96,1748.468171
441.841,344.6411515
474.071,344.6411515
314.74,344.6411515
303.483,344.6411515
342.221,344.6411515
3143.68,1748.468171
458.325,344.6411515
493.759,344.6411515
323.814,446.6333069
317.053,446.6333069
353.821,446.6333069
3594.93,2856.651106
486.572,446.6333069
524.842,446.6333069
321.329,446.6333069
311.187,446.6333069
349.083,446.6333069
3462.71,2856.651106
482.294,446.6333069
519.831,446.6333069
338.504,446.6333069
326.242,446.6333069
369.355,446.6333069
3478.32,2856.651106
498.192,446.6333069
537.286,446.6333069
347.896,446.6333069
339.967,446.6333069
380.708,446.6333069
3951.83,2856.651106
526.999,446.6333069
568.539,446.6333069
346.012,446.6333069
333.84,446.6333069
376.038,446.6333069
3802.53,2856.651106
521.848,446.6333069
567.883,446.6333069
363.71,446.6333069
349.562,446.6333069
396.15,446.6333069
3817.85,2856.651106
538.336,446.6333069
582.615,446.6333069
371.027,446.6333069
363.228,446.6333069
407.385,446.6333069
4298.12,2856.651106
567.138,446.6333069
612.211,446.6333069
369.28,446.6333069
357.218,446.6333069
403.654,446.6333069
4142.1,2856.651106
561.797,446.6333069
605.067,446.6333069
387.119,446.6333069
372.552,446.6333069
422.33,446.6333069
4155,2856.651106
578.911,446.6333069
626.52,446.6333069
105.401,175.6339147
105.588,175.6339147
110.863,175.6339147
425.106,1748.468171
121.597,175.6339147
127.142,175.6339147
106.035,175.6339147
103.678,175.6339147
107.284,175.6339147
427.549,1748.468171
121.07,175.6339147
124.549,175.6339147
128.741,175.6339147
125.228,175.6339147
129.276,175.6339147
451.497,1748.468171
142.689,175.6339147
146.784,175.6339147
132.708,196.4150541
133.363,196.4150541
140.738,196.4150541
763.726,1748.468171
168.072,196.4150541
173.99,196.4150541
129.799,196.4150541
126.878,196.4150541
133.654,196.4150541
771.238,1748.468171
161.144,196.4150541
167.785,196.4150541
153.049,196.4150541
149.038,196.4150541
156.332,196.4150541
796.674,1748.468171
183.469,196.4150541
191.1,196.4150541
159.299,196.4150541
157.803,196.4150541
168.24,196.4150541
1100.22,1748.468171
210.464,196.4150541
218.062,196.4150541
153.718,196.4150541
150.009,196.4150541
159.981,196.4150541
1117.14,1748.468171
201.08,196.4150541
210.765,196.4150541
177.63,196.4150541
172.603,196.4150541
183.573,196.4150541
1144.55,1748.468171
224.144,196.4150541
235.272,196.4150541
183.195,277.1616381
182.28,277.1616381
195.775,277.1616381
1435.16,2856.651106
250.288,277.1616381
262.706,277.1616381
177.23,277.1616381
172.602,277.1616381
186.37,277.1616381
1462.06,2856.651106
241.497,277.1616381
254.457,277.1616381
201.661,277.1616381
196.053,277.1616381
210.081,277.1616381
1495.23,2856.651106
264.861,277.1616381
279.463,277.1616381
209.396,277.1616381
205.103,277.1616381
221.948,277.1616381
1774.68,2856.651106
291.867,277.1616381
308.466,277.1616381
201.402,277.1616381
195.721,277.1616381
212.908,277.1616381
1813.32,2856.651106
280.836,277.1616381
298.184,277.1616381
226.427,277.1616381
219.516,277.1616381
237.079,277.1616381
1838.6,2856.651106
305.277,277.1616381
323.372,277.1616381
233.151,277.1616381
228.642,277.1616381
249.298,277.1616381
2111.7,2856.651106
330.937,277.1616381
353.094,277.1616381
224.931,277.1616381
217.979,277.1616381
239.487,277.1616381
2156.63,2856.651106
320.403,277.1616381
341.435,277.1616381
249.395,277.1616381
242.875,277.1616381
263.646,277.1616381
2191.43,2856.651106
345.623,277.1616381
366.472,277.1616381
104.879,175.6339147
105.778,175.6339147
114.311,175.6339147
430.779,1748.468171
121.584,175.6339147
128.436,175.6339147
101.8,175.6339147
101.37,175.6339147
107.551,175.6339147
436.47,1748.468171
119.25,175.6339147
124.454,175.6339147
116.806,175.6339147
116.207,175.6339147
129.291,175.6339147
460.082,1748.468171
136.3,175.6339147
146.364,175.6339147
133.786,175.6339147
132.977,175.6339147
144.692,175.6339147
772.483,1748.468171
167.964,175.6339147
178.852,175.6339147
130.17,175.6339147
126.606,175.6339147
133.889,175.6339147
778.328,1748.468171
160.837,175.6339147
167.966,175.6339147
153.571,175.6339147
143.065,175.6339147
156.442,175.6339147
806.62,1748.468171
183.288,175.6339147
191.542,175.6339147
159.534,196.4150541
157.897,196.4150541
172.821,196.4150541
1108.08,1748.468171
212.401,196.4150541
223.347,196.4150541
154.351,196.4150541
149.744,196.4150541
160.273,196.4150541
1122.24,1748.468171
200.937,196.4150541
210.86,196.4150541
178.063,196.4150541
172.482,196.4150541
183.28,196.4150541
1162.89,1748.468171
223.879,196.4150541
235.587,196.4150541
186.223,196.4150541
182.51,196.4150541
199.537,196.4150541
1445.98,1748.468171
251.218,196.4150541
268.759,196.4150541
177.754,196.4150541
172.745,196.4150541
186.585,196.4150541
1470.35,1748.468171
241.191,196.4150541
254.171,196.4150541
202.305,208.1125262
196.195,208.1125262
210.481,208.1125262
1507.61,1663.824629
264.339,208.1125262
279.739,208.1125262
211.6,313.1393963
206.248,313.1393963
228.205,313.1393963
1784.76,1663.824629
294.122,313.1393963
313.291,313.1393963
201.951,313.1393963
195.888,313.1393963
213.051,313.1393963
1813.56,1663.824629
280.92,313.1393963
297.812,313.1393963
226.779,313.1393963
219.481,313.1393963
236.709,313.1393963
1852.96,1663.824629
305.259,313.1393963
326.48,313.1393963
235.874,313.1393963
230.415,313.1393963
255.27,313.1393963
2119.53,1663.824629
335.791,313.1393963
358,313.1393963
226.023,313.1393963
218.443,313.1393963
239.354,313.1393963
2165.93,1663.824629
320.406,313.1393963
341.141,313.1393963
251.028,313.1393963
243.205,313.1393963
267.323,313.1393963
2210.92,1663.824629
345.54,313.1393963
373.376,313.1393963
260.205,313.1393963
254.288,313.1393963
281.464,313.1393963
2456.56,1663.824629
376.184,313.1393963
399.673,313.1393963
250.534,313.1393963
241.544,313.1393963
265.981,313.1393963
2510.08,1663.824629
359.839,313.1393963
385.01,313.1393963
274.661,313.1393963
265.804,313.1393963
293.515,313.1393963
2555.73,1663.824629
386.566,313.1393963
415.492,313.1393963
132.811,151.6993111
134.669,151.6993111
147.119,151.6993111
775.412,1663.824629
167.912,151.6993111
178.019,151.6993111
127.61,151.6993111
127.737,151.6993111
134.914,151.6993111
787.858,1663.824629
161.565,151.6993111
168.889,151.6993111
144.053,151.6993111
146.771,151.6993111
156.75,151.6993111
815.889,1663.824629
183.21,151.6993111
190.957,151.6993111
160.997,151.6993111
159.025,151.6993111
175.727,151.6993111
1110.36,1663.824629
209.883,151.6993111
228.511,151.6993111
154.05,151.6993111
150.337,151.6993111
161.27,151.6993111
1131.52,1663.824629
201.324,151.6993111
212.589,151.6993111
176.506,151.6993111
172.543,151.6993111
183.499,151.6993111
1164.09,1663.824629
223.824,151.6993111
238.35,151.6993111
185.618,208.1125262
184.046,208.1125262
203.922,208.1125262
1447.24,1663.824629
253.24,208.1125262
272.645,208.1125262
178.081,208.1125262
173.667,208.1125262
187.899,208.1125262
1475.69,1663.824629
241.726,208.1125262
255.835,208.1125262
202.155,208.1125262
196.06,208.1125262
213.123,208.1125262
1512.1,1663.824629
264.618,208.1125262
282.709,208.1125262
212.03,208.1125262
209.18,208.1125262
231.435,208.1125262
1785.73,1663.824629
294.523,208.1125262
317.146,208.1125262
201.939,208.1125262
196.931,208.1125262
214.181,208.1125262
1820.9,1663.824629
282.079,208.1125262
299.095,208.1125262
226.498,208.1125262
219.376,208.1125262
239.889,208.1125262
1854.94,1663.824629
305.123,208.1125262
329.732,208.1125262
236.287,313.1393963
231.273,313.1393963
256.007,313.1393963
2119.73,1663.824629
336.547,313.1393963
358.859,313.1393963
225.586,313.1393963
220.078,313.1393963
240.707,313.1393963
2166.22,1663.824629
321.585,313.1393963
342.96,313.1393963
250.757,313.1393963
242.961,313.1393963
269.97,313.1393963
2214.46,1663.824629
345.455,313.1393963
376.292,313.1393963
261.502,313.1393963
256.368,313.1393963
282.387,313.1393963
2460.75,1663.824629
376.722,313.1393963
401.589,313.1393963
250.038,313.1393963
242.797,313.1393963
267.166,313.1393963
2523.99,1663.824629
361.425,313.1393963
386.466,313.1393963
274.969,313.1393963
265.647,313.1393963
297.208,313.1393963
2561.59,1663.824629
386.243,313.1393963
419.227,313.1393963
285.467,313.1393963
280.078,313.1393963
309.514,313.1393963
2794.64,1663.824629
417.166,313.1393963
445.741,313.1393963
273.178,313.1393963
266.07,313.1393963
294.309,313.1393963
2866.13,1663.824629
401.049,313.1393963
430.039,313.1393963
298.275,313.1393963
292.332,313.1393963
323.508,313.1393963
2919.66,1663.824629
429.469,313.1393963
462.928,313.1393963
159.551,234.505623
160.51,234.505623
176.35,234.505623
1113.68,1663.824629
211.581,353.2886457
226.552,382.0440971
154.889,234.505623
150.803,234.505623
161.88,234.505623
1139.97,1663.824629
202.449,353.2886457
212.872,382.0440971
176.664,234.505623
172.829,234.505623
185.809,234.505623
1172.65,1663.824629
224.055,353.2886457
235.467,382.0440971
187.25,234.505623
184.754,234.505623
203.453,234.505623
1450.49,1663.824629
254.744,353.2886457
272.76,382.0440971
179.068,234.505623
173.712,234.505623
188.415,234.505623
1484.38,1663.824629
242.351,353.2886457
256.661,382.0440971
202.377,234.505623
196.567,234.505623
216.219,234.505623
1517.28,1663.824629
264.735,353.2886457
286.289,382.0440971
210.782,283.3015296
209.431,283.3015296
229.599,283.3015296
1787.34,1663.824629
293.637,353.2886457
316.09,382.0440971
203.349,283.3015296
196.951,283.3015296
214.6,283.3015296
1828.59,1663.824629
282.648,353.2886457
299.637,382.0440971
226.841,283.3015296
219.512,283.3015296
242.626,283.3015296
1862.61,1663.824629
304.861,353.2886457
332.901,382.0440971
236.141,283.3015296
233.371,283.3015296
255.918,283.3015296
2125.26,1663.824629
334.519,353.2886457
359.621,382.0440971
226.62,283.3015296
220.201,283.3015296
241.174,283.3015296
2177.53,1663.824629
322.799,353.2886457
342.804,382.0440971
251.05,283.3015296
243.271,283.3015296
271.041,283.3015296
2218.93,1663.824629
345.749,353.2886457
377.164,382.0440971
261.118,380.1790952
256.695,380.1790952
283.155,380.1790952
2460.49,1663.824629
376.713,380.1790952
400.994,380.1790952
250.956,380.1790952
242.904,380.1790952
267.562,380.1790952
2520.68,1663.824629
362.618,380.1790952
386.607,380.1790952
275.224,380.1790952
266.11,380.1790952
297.329,380.1790952
2560.8,1663.824629
389.036,380.1790952
423.257,380.1790952
286.31,380.1790952
280.276,380.1790952
309.804,380.1790952
2798.29,1663.824629
417.579,380.1790952
446.562,380.1790952
274.732,380.1790952
266.028,380.1790952
294.062,380.1790952
2867.06,1663.824629
403.002,380.1790952
430.321,380.1790952
299.356,380.1790952
292.081,380.1790952
327.131,380.1790952
2912.27,1663.824629
430.357,380.1790952
466.943,380.1790952
311.659,380.1790952
302.01,380.1790952
334.173,380.1790952
3134.18,1663.824629
456.357,380.1790952
490.435,380.1790952
299.183,380.1790952
288.878,380.1790952
321.479,380.1790952
3217.51,1663.824629
442.094,380.1790952
473.687,380.1790952
323.724,380.1790952
316.041,380.1790952
352.631,380.1790952
3261.66,1663.824629
471.513,380.1790952
510.83,380.1790952
185.756,234.505623
187.367,234.505623
205.503,234.505623
1453.2,2914.592886
254.262,353.2886457
272.275,382.0440971
178.816,234.505623
174.232,234.505623
188.728,234.505623
1493.91,2914.592886
243.022,353.2886457
256.64,382.0440971
202.139,234.505623
196.285,234.505623
217.582,234.505623
1527.69,2914.592886
264.987,353.2886457
283.565,382.0440971
213.096,234.505623
209.142,234.505623
231.687,234.505623
1790.65,2914.592886
295.1,353.2886457
316.64,382.0440971
203.512,234.505623
197.024,234.505623
215.031,234.505623
1836.7,2914.592886
282.785,353.2886457
300.448,382.0440971
226.79,234.505623
219.569,234.505623
245.293,234.505623
1875.13,2914.592886
304.86,296.8460901
333.181,296.8460901
236.809,296.8460901
233.541,296.8460901
258.305,296.8460901
2124.84,1648.849109
334.462,296.8460901
360.081,296.8460901
227.837,296.8460901
220.303,296.8460901
241.568,296.8460901
2182.01,1648.849109
323.113,296.8460901
343.532,296.8460901
251.023,296.8460901
243.096,296.8460901
274.366,296.8460901
2222.27,1648.849109
345.6,296.8460901
376.845,296.8460901
262.707,381.6766407
256.817,381.6766407
284.616,381.6766407
2462.68,1648.849109
376.982,381.6766407
403.028,381.6766407
251.339,381.6766407
243.66,381.6766407
267.851,381.6766407
2528.26,1648.849109
363.108,381.6766407
386.912,381.6766407
275.463,381.6766407
269.533,381.6766407
300.48,381.6766407
2565.49,1648.849109
389.381,381.6766407
423.363,381.6766407
287.416,381.6766407
280.809,381.6766407
311.333,381.6766407
2799.9,2795.241867
417.245,381.6766407
446.644,381.6766407
274.791,381.6766407
266.113,381.6766407
294.284,381.6766407
2872.03,2795.241867
403.522,381.6766407
430.267,381.6766407
299.336,381.6766407
292.704,381.6766407
327.239,381.6766407
2913.51,2795.241867
429.939,381.6766407
466.947,381.6766407
311.901,445.6052
301.574,445.6052
336.225,445.6052
3139.14,2795.241867
456.472,445.6052
491.21,445.6052
299.68,445.6052
288.662,445.6052
320.859,445.6052
3229.87,2795.241867
442.947,445.6052
475.433,445.6052
323.506,445.6052
317.088,445.6052
357.58,445.6052
3266.04,2795.241867
471.49,445.6052
511.5,445.6052
335.819,445.6052
325.152,445.6052
362.642,445.6052
3473.99,2795.241867
496.61,445.6052
535.335,445.6052
322.273,445.6052
311.714,445.6052
347.588,445.6052
3569.48,2795.241867
482.176,445.6052
518.761,445.6052
347.619,445.6052
339.86,445.6052
383.434,445.6052
3612.59,2795.241867
511.929,445.6052
555.384,445.6052
212.229,296.8460901
209.907,296.8460901
232.651,296.8460901
1790.23,1648.849109
295.642,296.8460901
317.772,296.8460901
203.472,296.8460901
197.454,296.8460901
215.424,296.8460901
1847.11,1648.849109
283.415,296.8460901
300.5,296.8460901
226.897,296.8460901
219.99,296.8460901
245.747,296.8460901
1882.61,1648.849109
306.005,296.8460901
331.115,296.8460901
238.627,296.8460901
233.556,296.8460901
257.837,296.8460901
2128.46,1648.849109
335.29,296.8460901
360.942,296.8460901
227.599,296.8460901
220.31,296.8460901
242.795,296.8460901
2190.97,1648.849109
323.119,296.8460901
345.277,296.8460901
251.292,296.8460901
243.058,296.8460901
273.712,296.8460901
2230.17,1648.849109
348.323,296.8460901
380.184,296.8460901
263.164,296.8460901
257.56,296.8460901
284.493,296.8460901
2462.04,1648.849109
377.008,296.8460901
403.865,296.8460901
251.837,296.8460901
243.489,296.8460901
269.317,296.8460901
2537.75,1648.849109
363.86,296.8460901
389.025,296.8460901
275.362,296.8460901
269.37,296.8460901
300.963,296.8460901
2574.14,1648.849109
390.173,296.8460901
423.914,296.8460901
286.986,381.6766407
281.208,381.6766407
310.983,381.6766407
2801.25,1648.849109
417.606,381.6766407
448.1,381.6766407
276.125,381.6766407
266.559,381.6766407
295.609,381.6766407
2881.88,1648.849109
403.401,381.6766407
431.857,381.6766407
299.929,381.6766407
292.692,381.6766407
330.251,381.6766407
2922.82,1648.849109
430.294,381.6766407
467.2,381.6766407
311.09,381.6766407
301.949,381.6766407
337.304,381.6766407
3134.54,2795.241867
457.009,381.6766407
491.871,381.6766407
299.601,381.6766407
289.785,381.6766407
322.681,381.6766407
3225.5,2795.241867
443.464,381.6766407
476.265,381.6766407
323.335,381.6766407
317.373,381.6766407
356.605,381.6766407
3265.15,2795.241867
471.86,381.6766407
511.503,381.6766407
335.265,445.6052
325.116,445.6052
363.853,445.6052
3472.86,2795.241867
497.878,445.6052
535.974,445.6052
322.982,445.6052
311.986,445.6052
349.052,445.6052
3576.62,2795.241867
483.494,445.6052
519.096,445.6052
347.562,445.6052
339.846,445.6052
383.352,445.6052
3620.31,2795.241867
512.582,445.6052
558.365,445.6052
360.76,445.6052
349.063,445.6052
390.522,445.6052
3812.03,2795.241867
537.468,445.6052
579.7,445.6052
347.762,445.6052
335.456,445.6052
375.513,445.6052
3921.21,2795.241867
522.529,445.6052
562.767,445.6052
372.776,445.6052
366.39,445.6052
409.913,445.6052
3972.31,2795.241867
555.943,445.6052
601.839,445.6052
238.477,296.8460901
234.183,296.8460901
257.672,296.8460901
2128.34,1648.849109
335.368,296.8460901
359.665,296.8460901
227.681,296.8460901
220.654,296.8460901
242.981,296.8460901
2199.14,1648.849109
323.446,296.8460901
345.424,296.8460901
251.09,296.8460901
245.767,296.8460901
275.023,296.8460901
2234.17,1648.849109
349.546,296.8460901
377.832,296.8460901
262.787,296.8460901
257.949,296.8460901
285.222,296.8460901
2465.74,1648.849109
377.267,296.8460901
404.319,296.8460901
252.03,296.8460901
243.372,296.8460901
270.372,296.8460901
2541.8,1648.849109
363.713,296.8460901
389.351,296.8460901
275.998,296.8460901
269.645,296.8460901
303.827,296.8460901
2578,1648.849109
390.438,296.8460901
423.697,296.8460901
287.646,296.8460901
281.681,296.8460901
312.258,296.8460901
2801.97,1648.849109
417.659,296.8460901
447.944,296.8460901
275.834,296.8460901
266.618,296.8460901
295.904,296.8460901
2885.82,1648.849109
403.663,296.8460901
432.658,296.8460901
299.575,296.8460901
292.644,296.8460901
330.074,296.8460901
2921.29,1648.849109
430.241,296.8460901
467.053,296.8460901
312.174,381.6766407
302.158,381.6766407
337.619,381.6766407
3137.41,1648.849109
457.254,381.6766407
492.028,381.6766407
300.022,381.6766407
290.557,381.6766407
322.834,381.6766407
3229.5,1648.849109
444.065,381.6766407
475.377,381.6766407
323.996,381.6766407
317.496,381.6766407
356.598,381.6766407
3270.26,1648.849109
472.812,381.6766407
514.463,381.6766407
335.495,381.6766407
326.106,381.6766407
363.99,381.6766407
3479.77,2795.241867
497.644,381.6766407
535.447,381.6766407
322.549,381.6766407
312.586,381.6766407
349.68,381.6766407
3570.45,2795.241867
483.732,381.6766407
520.45,381.6766407
350.416,381.6766407
340.156,381.6766407
384.361,381.6766407
3620.05,2795.241867
515.96,381.6766407
558.172,381.6766407
360.747,445.6052
350.175,445.6052
390.729,445.6052
3815.9,2795.241867
538.46,445.6052
579.613,445.6052
347.651,445.6052
335.267,445.6052
375.55,445.6052
3935.84,2795.241867
523.404,445.6052
566.316,445.6052
375.522,445.6052
366.755,445.6052
413.903,445.6052
3974.93,2795.241867
556.139,445.6052
602.058,445.6052
384.882,445.6052
374.166,445.6052
416.766,445.6052
4151.03,2795.241867
578.439,445.6052
624.146,445.6052
371.706,445.6052
357.234,445.6052
403.655,445.6052
4267.32,2795.241867
564.088,445.6052
609.012,445.6052
399.482,445.6052
390.144,445.6052
440.814,445.6052
4313.77,2795.241867
596.62,445.6052
645.386,445.6052
110.946,136.9350955
111.617,136.9350955
117.294,167.9752965
444.797,1804.457316
127.395,167.9752965
136.531,167.9752965
108.019,167.9752965
106.038,167.9752965
109.527,167.9752965
419.864,1804.457316
123.291,167.9752965
126.816,167.9752965
137.908,167.9752965
135.588,167.9752965
139.147,167.9752965
449.513,1804.457316
152.443,167.9752965
156.259,167.9752965
140.294,167.9752965
143.214,167.9752965
151.563,167.9752965
790.509,1804.457316
177.496,167.9752965
181.117,167.9752965
131.693,167.9752965
129.219,167.9752965
136.121,167.9752965
757.245,1804.457316
163.19,167.9752965
170.091,167.9752965
161.54,167.9752965
158.731,167.9752965
166.003,167.9752965
787.495,1804.457316
192.593,167.9752965
200.063,167.9752965
168.331,167.9752965
170.224,167.9752965
180.547,167.9752965
1140.69,1804.457316
219.472,167.9752965
227.329,167.9752965
156.205,167.9752965
152.366,167.9752965
162.633,167.9752965
1100.7,1804.457316
202.885,167.9752965
212.835,167.9752965
186.054,167.9752965
181.736,167.9752965
192.586,167.9752965
1125.9,1804.457316
232.066,167.9752965
243.181,167.9752965
193.621,273.1551296
193.63,273.1551296
207.598,273.1551296
1493.49,2960.738414
260.501,273.1551296
272.968,273.1551296
179.939,273.1551296
175.821,273.1551296
188.774,273.1551296
1438.08,2960.738414
243.248,273.1551296
255.252,273.1551296
209.992,273.1551296
204.863,273.1551296
219.332,273.1551296
1466.11,2960.738414
271.768,273.1551296
287.895,273.1551296
220.025,273.1551296
215.363,273.1551296
231.944,273.1551296
1854.84,2960.738414
302.21,273.1551296
315.083,273.1551296
204.561,273.1551296
198.623,273.1551296
215.441,273.1551296
1778.54,2960.738414
281.637,273.1551296
297.718,273.1551296
234.392,273.1551296
228.019,273.1551296
246.141,273.1551296
1804.9,2960.738414
310.556,273.1551296
330.873,273.1551296
244.417,273.1551296
240.359,273.1551296
259.633,273.1551296
2197.9,2960.738414
340.343,273.1551296
358.857,273.1551296
228.573,273.1551296
221.593,273.1551296
242.109,273.1551296
2122.92,2960.738414
321.889,273.1551296
348.556,273.1551296
258.399,273.1551296
251.03,273.1551296
272.467,273.1551296
2149.39,2960.738414
349.823,273.1551296
373.811,273.1551296
111.004,167.9752965
115.557,167.9752965
127.142,167.9752965
467.085,1804.457316
129.872,167.9752965
139.393,167.9752965
103.49,167.9752965
103.959,167.9752965
110.04,167.9752965
428.674,1804.457316
121.345,167.9752965
126.776,167.9752965
122.076,167.9752965
124.428,167.9752965
140.682,167.9752965
460.356,1804.457316
144.387,167.9752965
157.215,167.9752965
143.496,167.9752965
147.416,167.9752965
162.461,167.9752965
818.04,1804.457316
181.753,167.9752965
194.35,167.9752965
133.079,167.9752965
129.255,167.9752965
136.53,167.9752965
762.256,1804.457316
162.73,167.9752965
170.375,167.9752965
164.331,167.9752965
154.333,167.9752965
168.231,167.9752965
806.951,1804.457316
193.11,167.9752965
202.669,167.9752965
173.342,167.9752965
173.719,167.9752965
193.105,167.9752965
1162.17,1804.457316
223.872,167.9752965
246.698,167.9752965
157.122,167.9752965
152.403,167.9752965
163.028,167.9752965
1098.6,1804.457316
203.022,167.9752965
213.483,167.9752965
188.903,167.9752965
183.972,167.9752965
195.3,167.9752965
1149.22,1804.457316
233.703,167.9752965
249.627,167.9752965
199.955,167.9752965
201.663,167.9752965
219.738,167.9752965
1512.48,1804.457316
271.395,167.9752965
290.159,167.9752965
181.616,167.9752965
175.527,167.9752965
189.501,167.9752965
1440.33,1804.457316
242.765,167.9752965
256.284,167.9752965
213.608,167.9752965
208.027,167.9752965
226.309,167.9752965
1485.53,1804.457316
274.192,167.9752965
294.38,167.9752965
223.829,273.1551296
228.632,273.1551296
247.319,273.1551296
1863.57,2960.738414
312.787,273.1551296
332.618,273.1551296
205.516,273.1551296
198.633,273.1551296
215.78,273.1551296
1782.18,2960.738414
282.786,273.1551296
300.503,273.1551296
238.221,273.1551296
231.632,273.1551296
256.408,273.1551296
1828.21,2960.738414
314.019,273.1551296
341.913,273.1551296
250.537,273.1551296
253.797,273.1551296
276.185,273.1551296
2223.41,2960.738414
352.863,273.1551296
376.033,273.1551296
229.555,273.1551296
222.425,273.1551296
242.418,273.1551296
2123.17,2960.738414
323.649,273.1551296
343.571,273.1551296
262.514,273.1551296
255.367,273.1551296
285.108,273.1551296
2173.85,2960.738414
356.911,273.1551296
389.928,273.1551296
278.686,273.1551296
276.645,273.1551296
302.92,273.1551296
2571.07,2960.738414
394.217,273.1551296
414.323,273.1551296
254.016,273.1551296
244.906,273.1551296
269.112,273.1551296
2464.67,2960.738414
362.41,273.1551296
383.779,273.1551296
286.938,273.1551296
282.621,273.1551296
315.368,273.1551296
2514.9,2960.738414
397.869,273.1551296
432.506,273.1551296
143.739,198.6707476
150.662,198.6707476
165.527,198.6707476
825.145,1804.457316
178.785,198.6707476
195.951,198.6707476
130.146,198.6707476
130.026,198.6707476
137.64,198.6707476
770.613,1804.457316
164.176,198.6707476
172.644,198.6707476
150.608,198.6707476
157.504,198.6707476
170.342,198.6707476
816.446,1804.457316
193.896,198.6707476
202.596,198.6707476
175.153,198.6707476
178.135,198.6707476
197.015,198.6707476
1168.28,1804.457316
230.178,198.6707476
246.96,198.6707476
158.035,198.6707476
153.54,198.6707476
164.421,198.6707476
1104.36,1804.457316
204.254,198.6707476
215.96,198.6707476
183.711,198.6707476
184.375,198.6707476
203.262,198.6707476
1156.18,1804.457316
234.35,198.6707476
257.213,198.6707476
201.03,264.8638667
204.236,264.8638667
222.845,264.8638667
1518.42,1804.457316
272.811,264.8638667
294.091,264.8638667
181.866,264.8638667
176.67,264.8638667
191.066,264.8638667
1443.07,1804.457316
244.653,264.8638667
259.407,264.8638667
213.463,264.8638667
208.056,264.8638667
233.27,264.8638667
1496.06,1804.457316
274.372,264.8638667
303.403,264.8638667
229.301,264.8638667
229.862,264.8638667
251.554,264.8638667
1866.56,1804.457316
314.478,264.8638667
339.052,264.8638667
206.63,264.8638667
199.742,264.8638667
217.689,264.8638667
1780.22,1804.457316
284.472,264.8638667
302.946,264.8638667
238.374,264.8638667
235.615,264.8638667
259.847,264.8638667
1839.22,1804.457316
318.63,264.8638667
351.043,264.8638667
255.227,345.7497569
255.548,345.7497569
280.003,345.7497569
2218.15,2960.738414
353.783,345.7497569
381.572,345.7497569
230.333,345.7497569
223.047,345.7497569
244.013,345.7497569
2123.23,2960.738414
324.453,345.7497569
345.97,345.7497569
262.522,345.7497569
259.509,345.7497569
289.078,345.7497569
2177.82,2960.738414
361.737,345.7497569
393.842,345.7497569
280.851,345.7497569
277.793,345.7497569
305.458,345.7497569
2570.55,2960.738414
396.948,345.7497569
418.29,345.7497569
254.699,345.7497569
246.356,345.7497569
270.626,345.7497569
2466.73,2960.738414
364.92,345.7497569
387.547,345.7497569
286.651,345.7497569
282.506,345.7497569
315.622,345.7497569
2521.28,2960.738414
403.444,345.7497569
438.41,345.7497569
307.449,345.7497569
301.767,345.7497569
331.967,345.7497569
2918.98,2960.738414
438.72,345.7497569
460.871,345.7497569
278.539,340.0337148
269.248,340.0337148
297.411,340.0337148
2807.77,1681.184179
403.019,340.0337148
429.663,340.0337148
311.862,340.0337148
309.507,340.0337148
346.303,340.0337148
2865.86,1681.184179
442.365,340.0337148
489.002,340.0337148
176.02,193.6361095
178.974,193.6361095
199.794,193.6361095
1179.13,1681.184179
231.004,193.6361095
246.182,193.6361095
158.056,193.6361095
153.643,193.6361095
165.587,193.6361095
1112.94,1681.184179
204.932,193.6361095
216.622,193.6361095
183.512,193.6361095
184.652,193.6361095
206.33,193.6361095
1162.57,1681.184179
234.935,193.6361095
252.958,193.6361095
199.948,193.6361095
205.042,193.6361095
225.678,193.6361095
1526.49,1681.184179
274.152,193.6361095
294.786,193.6361095
182.805,193.6361095
176.808,193.6361095
191.84,193.6361095
1447.03,1681.184179
244.872,193.6361095
260.015,193.6361095
214.334,193.6361095
208.913,193.6361095
233.796,193.6361095
1501.64,1681.184179
277.906,193.6361095
303.982,193.6361095
231.75,260.0485381
231.026,260.0485381
253.103,260.0485381
1875.11,1681.184179
312.681,260.0485381
340.979,260.0485381
207.222,260.0485381
200.526,260.0485381
218.106,260.0485381
1785.65,1681.184179
284.64,260.0485381
303.043,260.0485381
238.894,260.0485381
235.076,260.0485381
263.84,260.0485381
1837.24,1681.184179
321.33,260.0485381
351.525,260.0485381
254.938,260.0485381
252.769,260.0485381
280.749,260.0485381
2220.44,1681.184179
354.056,260.0485381
384.169,260.0485381
231.369,260.0485381
223.384,260.0485381
244.593,260.0485381
2130.54,1681.184179
324.958,260.0485381
346.068,260.0485381
263.798,260.0485381
259.912,260.0485381
293.907,260.0485381
2176.76,1681.184179
363.173,260.0485381
400.109,260.0485381
282.014,340.0337148
278.545,340.0337148
307.951,340.0337148
2573.21,1681.184179
399.761,340.0337148
423.763,340.0337148
255.541,340.0337148
246.444,340.0337148
271.186,340.0337148
2466.79,1681.184179
364.926,340.0337148
389.911,340.0337148
287.611,340.0337148
287.342,340.0337148
320.645,340.0337148
2529.49,1681.184179
404.023,340.0337148
443.196,340.0337148
308.825,340.0337148
303.085,340.0337148
334.905,340.0337148
2925.11,1681.184179
439.638,340.0337148
466.624,340.0337148
279.674,340.0337148
269.508,340.0337148
297.565,340.0337148
2807.56,1681.184179
404.677,340.0337148
433.892,340.0337148
315.504,340.0337148
310.058,340.0337148
346.955,340.0337148
2868.69,1681.184179
443.311,340.0337148
488.169,340.0337148
334.34,340.0337148
324.338,340.0337148
358.854,340.0337148
3268.12,1681.184179
476.373,340.0337148
508.357,340.0337148
304.715,340.0337148
292.928,340.0337148
324.729,340.0337148
3153.06,1681.184179
444.414,340.0337148
473.395,340.0337148
339.79,340.0337148
336.102,340.0337148
373.154,340.0337148
3200.85,1681.184179
485.142,340.0337148
531.121,340.0337148
205.708,284.0093967
206.349,284.0093967
226.643,284.0093967
1532.12,2946.88867
274.37,284.0093967
292.037,284.0093967
182.303,284.0093967
177.245,284.0093967
192.136,284.0093967
1456.17,2946.88867
245.441,284.0093967
260.351,284.0093967
213.999,284.0093967
212.082,284.0093967
237.676,284.0093967
1509.53,2946.88867
278.037,284.0093967
302.027,284.0093967
233.781,284.0093967
231.721,284.0093967
255.335,284.0093967
1876.76,2946.88867
316.313,284.0093967
341.886,284.0093967
207.539,284.0093967
200.228,284.0093967
219.479,284.0093967
1789.98,2946.88867
285.678,284.0093967
303.839,284.0093967
239.24,284.0093967
235.483,284.0093967
267.493,284.0093967
1842.38,2946.88867
321.616,284.0093967
355.675,284.0093967
257.529,348.30514
252.565,348.30514
281.282,348.30514
2226.6,2946.88867
358.827,348.30514
386.624,348.30514
231.147,348.30514
223.562,348.30514
245.168,348.30514
2128.96,2946.88867
325.916,348.30514
346.947,348.30514
263.051,348.30514
259.83,348.30514
293.989,348.30514
2188.48,2946.88867
362.962,348.30514
399.364,348.30514
283.132,348.30514
278.577,348.30514
310.95,348.30514
2576.68,2946.88867
398.88,348.30514
425.997,348.30514
256.484,348.30514
246.612,348.30514
271.585,348.30514
2470.4,2946.88867
365.436,348.30514
390.484,348.30514
291.34,348.30514
286.912,348.30514
324.382,348.30514
2528.04,2946.88867
404.559,348.30514
443.585,348.30514
309.858,455.2131889
302.761,455.2131889
337.282,455.2131889
2918.12,2946.88867
439.83,455.2131889
468.579,455.2131889
279.841,455.2131889
270.545,455.2131889
298.073,455.2131889
2804.55,2946.88867
405.976,455.2131889
433.396,455.2131889
315.95,455.2131889
310.349,455.2131889
351.853,455.2131889
2865.65,2946.88867
444.193,455.2131889
487.988,455.2131889
336,455.2131889
324.521,455.2131889
360.976,455.2131889
3266.22,2946.88867
477.748,455.2131889
510.65,455.2131889
304.474,455.2131889
293.178,455.2131889
324.851,455.2131889
3151.09,2946.88867
445.68,455.2131889
476.727,455.2131889
340.412,455.2131889
336.024,455.2131889
379.411,455.2131889
3202.27,2946.88867
487.467,455.2131889
535.614,455.2131889
358.481,455.2131889
348.489,455.2131889
387.381,455.2131889
3616.98,2946.88867
518.091,455.2131889
553.356,455.2131889
327.573,455.2131889
316.885,455.2131889
351.818,455.2131889
3494.52,2946.88867
485.828,455.2131889
519.749,455.2131889
368.251,455.2131889
359.434,455.2131889
405.281,455.2131889
3541.63,2946.88867
525.469,455.2131889
578.966,455.2131889
231.892,284.0093967
232.833,284.0093967
253.693,284.0093967
1885.71,2946.88867
315.796,284.0093967
337.172,284.0093967
207.573,284.0093967
200.56,284.0093967
219.055,284.0093967
1800.99,2946.88867
286.175,284.0093967
304.24,284.0093967
239.544,284.0093967
239.188,284.0093967
267.774,284.0093967
1856.03,2946.88867
322.113,284.0093967
351.984,284.0093967
258.804,284.0093967
253.813,284.0093967
286.208,284.0093967
2231.62,2946.88867
358.237,284.0093967
387.016,284.0093967
232.258,284.0093967
224.508,284.0093967
245.889,284.0093967
2133.17,2946.88867
325.947,284.0093967
348.826,284.0093967
264.215,284.0093967
264.018,284.0093967
298.15,284.0093967
2190.03,2946.88867
363.156,284.0093967
399.345,284.0093967
283.859,348.30514
278.663,348.30514
312.536,348.30514
2579.53,2946.88867
397.982,348.30514
426.502,348.30514
257.096,348.30514
246.779,348.30514
273.526,348.30514
2471.87,2946.88867
365.989,348.30514
392.219,348.30514
291.62,348.30514
287.377,348.30514
325.036,348.30514
2529.51,2946.88867
405.295,348.30514
443.94,348.30514
310.703,348.30514
303.819,348.30514
339.419,348.30514
2922.52,2946.88867
439.452,348.30514
470.385,348.30514
281.339,348.30514
269.866,348.30514
299.897,348.30514
2811.89,2946.88867
405.887,348.30514
436.313,348.30514
317.246,348.30514
310.501,348.30514
352.216,348.30514
2869.16,2946.88867
449.052,348.30514
492.728,348.30514
336.918,455.2131889
325.294,455.2131889
361.76,455.2131889
3276.24,2946.88867
477.911,455.2131889
512.519,455.2131889
304.8,455.2131889
293.746,455.2131889
326.722,455.2131889
3150.12,2850.734115
445.546,438.666259
478.974,438.666259
344.136,438.666259
336.696,438.666259
379.913,438.666259
3202.82,2850.734115
487.514,438.666259
536.471,438.666259
361.235,438.666259
348.656,438.666259
388.642,438.666259
3623.05,2850.734115
518.605,438.666259
555.175,438.666259
329.329,438.666259
316.38,438.666259
353.7,438.666259
3486.82,2850.734115
485.839,438.666259
522.366,438.666259
368.533,438.666259
359.594,438.666259
411.197,438.666259
3540.49,2850.734115
526.648,438.666259
579.973,438.666259
383.547,438.666259
372.341,438.666259
415.1,438.666259
3974.95,2850.734115
559.057,438.666259
596.454,438.666259
353.647,438.666259
340.208,438.666259
379.919,438.666259
3832.09,2850.734115
525.503,438.666259
564.256,438.666259
395.528,438.666259
387.728,438.666259
437.879,438.666259
3892.91,2850.734115
572.936,438.666259
623.013,438.666259
258.453,277.9316727
258.152,277.9316727
284.748,277.9316727
2240.13,1743.47289
357.478,277.9316727
385.029,277.9316727
231.713,277.9316727
223.848,277.9316727
246.937,277.9316727
2142.69,1743.47289
326.589,277.9316727
349.283,277.9316727
266.162,277.9316727
265.908,277.9316727
299.166,277.9316727
2202.82,1743.47289
367.137,277.9316727
399.137,277.9316727
286.103,277.9316727
279.252,277.9316727
313.909,277.9316727
2579.52,1743.47289
397.723,277.9316727
428.098,277.9316727
256.886,277.9316727
246.938,277.9316727
274.157,277.9316727
2478.62,1743.47289
366.744,277.9316727
393.12,277.9316727
292.14,277.9316727
287.212,277.9316727
330.307,277.9316727
2533.16,1743.47289
405.614,277.9316727
449.116,277.9316727
311.247,342.3435909
303.589,342.3435909
340.321,342.3435909
2925.28,1743.47289
439.156,342.3435909
472.541,342.3435909
280.661,342.3435909
270.125,342.3435909
300.453,342.3435909
2813.93,1743.47289
406.876,342.3435909
436.668,342.3435909
316.698,342.3435909
314.429,342.3435909
356.018,342.3435909
2871.17,1743.47289
449.818,342.3435909
492.204,342.3435909
336.83,342.3435909
325.202,342.3435909
363.37,342.3435909
3276.81,1743.47289
477.746,342.3435909
515.616,342.3435909
305.962,342.3435909
293.606,342.3435909
327.475,342.3435909
3152.57,1743.47289
446.876,342.3435909
479.575,342.3435909
344.941,342.3435909
336.607,342.3435909
384.675,342.3435909
3208.46,1743.47289
488.418,342.3435909
535.374,342.3435909
362.104,438.666259
349.03,438.666259
390.084,438.666259
3617.94,2850.734115
518.459,438.666259
559.557,438.666259
328.92,438.666259
316.586,438.666259
353.741,438.666259
3493.39,2850.734115
486.641,438.666259
523.376,438.666259
368.301,438.666259
359.703,438.666259
411.704,438.666259
3546.26,2850.734115
532.237,438.666259
579.897,438.666259
384.292,438.666259
372.474,438.666259
416.406,438.666259
3975.44,2850.734115
559.253,438.666259
601.139,438.666259
354.487,438.666259
339.786,438.666259
380.399,438.666259
3832.71,2850.734115
525.896,438.666259
569.473,438.666259
395.136,438.666259
387.795,438.666259
438.197,438.666259
3894.73,2850.734115
571.645,438.666259
628.25,438.666259
409.92,438.666259
396.436,438.666259
443.098,438.666259
4327.98,2850.734115
599.769,438.666259
640.115,438.666259
377.15,438.666259
362.809,438.666259
407.177,438.666259
4175.8,2850.734115
567.388,438.666259
615.88,438.666259
419.014,438.666259
411.667,438.666259
464.278,438.666259
4236.85,2850.734115
611.143,438.666259
671.525,438.666259
121.278,164.4765313
124.207,164.4765313
137.844,164.4765313
472.49,1743.47289
137.169,164.4765313
151.126,164.4765313
121.714,164.4765313
120.151,164.4765313
124.203,164.4765313
451.286,1743.47289
137.374,164.4765313
141.261,164.4765313
144.911,164.4765313
142.577,164.4765313
146.869,164.4765313
472.012,1743.47289
161.055,164.4765313
164.801,164.4765313
157.981,164.4765313
168.167,164.4765313
170.086,164.4765313
825.364,1743.47289
202.277,164.4765313
205.202,164.4765313
146.253,164.4765313
143.087,164.4765313
151.422,164.4765313
797.22,1743.47289
177.573,164.4765313
185.338,164.4765313
168.553,164.4765313
165.603,164.4765313
173.891,164.4765313
821.637,1743.47289
200.771,164.4765313
208.871,164.4765313
185.863,164.4765313
194.277,164.4765313
202.74,164.4765313
1184.5,1743.47289
245.38,164.4765313
251.528,164.4765313
169.715,164.4765313
165.955,164.4765313
178.618,164.4765313
1151.45,1743.47289
217.529,164.4765313
229.312,164.4765313
192.495,164.4765313
188.304,164.4765313
201.221,164.4765313
1173,1743.47289
241.83,164.4765313
253.075,164.4765313
218.287,273.8021905
213.524,273.8021905
233.677,273.8021905
1533.49,2850.734115
289.267,273.8021905
295.09,273.8021905
194.071,273.8021905
188.794,273.8021905
204.792,273.8021905
1496.15,2850.734115
258.641,273.8021905
273.189,273.8021905
216.641,273.8021905
211.136,273.8021905
228.188,273.8021905
1525.43,2850.734115
281.154,273.8021905
298.189,273.8021905
241.046,273.8021905
242.939,273.8021905
258.646,273.8021905
1890.98,2850.734115
328.533,273.8021905
342.136,273.8021905
217.969,273.8021905
211.266,273.8021905
233.949,273.8021905
1853.61,2850.734115
297.653,273.8021905
316.8,273.8021905
240.578,273.8021905
233.955,273.8021905
254.599,273.8021905
1874.71,2850.734115
321.203,273.8021905
341.664,273.8021905
266.638,273.8021905
277.882,273.8021905
293.178,273.8021905
2249.17,2850.734115
364.021,273.8021905
388.501,273.8021905
241.392,273.8021905
234.825,273.8021905
260.171,273.8021905
2210.16,2850.734115
338.399,273.8021905
357.808,273.8021905
265.053,273.8021905
257.126,273.8021905
283.031,273.8021905
2231.6,2850.734115
361.687,273.8021905
384.327,273.8021905
123.445,164.4765313
131.56,164.4765313
148.937,164.4765313
499.11,1743.47289
141.922,164.4765313
161.369,164.4765313
112.574,164.4765313
115.625,164.4765313
124.531,164.4765313
455.376,1743.47289
133.692,164.4765313
141.708,164.4765313
127.501,164.4765313
131.33,164.4765313
148.881,164.4765313
481.309,1743.47289
152.819,164.4765313
166.425,164.4765313
164.997,164.4765313
171.049,164.4765313
200.769,164.4765313
860.301,1743.47289
200.315,164.4765313
232.722,164.4765313
146.482,164.4765313
143.267,164.4765313
151.806,164.4765313
809.877,1743.47289
177.206,164.4765313
185.573,164.4765313
170.991,164.4765313
165.83,164.4765313
176.824,164.4765313
845.022,1743.47289
202.769,164.4765313
212.739,164.4765313
198.242,164.4765313
209.363,164.4765313
228.045,164.4765313
1219.22,1743.47289
259.183,164.4765313
276.132,164.4765313
170.696,164.4765313
166.348,164.4765313
180.106,164.4765313
1163.59,1743.47289
217.118,164.4765313
231.655,164.4765313
196.035,164.4765313
191.202,164.4765313
210.516,164.4765313
1200.37,1743.47289
243.048,164.4765313
265.233,164.4765313
223.307,164.4765313
235.978,164.4765313
253.24,164.4765313
1570.61,1743.47289
304.165,164.4765313
325.553,164.4765313
194.776,164.4765313
189.114,164.4765313
209.93,164.4765313
1517.07,1743.47289
257.355,164.4765313
279.761,164.4765313
220.761,191.7139702
216.063,191.7139702
243.833,191.7139702
1557.56,1646.924548
286.507,191.7139702
316.749,191.7139702
260.368,267.3038698
257.294,267.3038698
287.771,267.3038698
1948.43,1646.924548
344.308,267.3038698
375.279,267.3038698
218.706,267.3038698
211.785,267.3038698
237.988,267.3038698
1871.59,1646.924548
299.492,267.3038698
325.381,267.3038698
245.153,267.3038698
242.299,267.3038698
274.919,267.3038698
1902.79,1646.924548
332.204,267.3038698
366.057,267.3038698
289.659,267.3038698
290.169,267.3038698
316.382,267.3038698
2292.28,1646.924548
384.77,267.3038698
418.728,267.3038698
243.223,267.3038698
237.562,267.3038698
267.01,267.3038698
2224.72,1646.924548
340.601,267.3038698
371.17,267.3038698
269.004,267.3038698
266.672,267.3038698
300.581,267.3038698
2272.78,1646.924548
373.759,267.3038698
408.918,267.3038698
313.131,267.3038698
310.072,267.3038698
344.488,267.3038698
2657.13,1646.924548
422.142,267.3038698
462.4,267.3038698
266.773,267.3038698
260.525,267.3038698
293.332,267.3038698
2576.1,1646.924548
381.175,267.3038698
409.398,267.3038698
292.981,267.3038698
293.915,267.3038698
333,267.3038698
2621.4,1646.924548
416.085,267.3038698
451.957,267.3038698
166.356,188.6690667
176.652,188.6690667
195.734,188.6690667
867.507,1646.924548
205.44,188.6690667
235.639,188.6690667
141.739,188.6690667
144.607,188.6690667
155.808,188.6690667
814.458,1646.924548
177.701,188.6690667
187.038,188.6690667
155.941,188.6690667
167.765,188.6690667
184.301,188.6690667
852.556,1646.924548
202.096,188.6690667
214.381,188.6690667
197.3,188.6690667
208.124,188.6690667
236.497,188.6690667
1217.47,1646.924548
259.795,188.6690667
287.391,188.6690667
171.967,188.6690667
168.023,188.6690667
185.444,188.6690667
1168.43,1646.924548
219.003,188.6690667
239.788,188.6690667
191.632,188.6690667
193.926,188.6690667
219.357,188.6690667
1211.98,1646.924548
245.454,188.6690667
277.541,188.6690667
231.726,253.8259722
244.332,253.8259722
267.399,253.8259722
1582.81,1646.924548
305.136,253.8259722
334.193,253.8259722
196.096,253.8259722
191.707,253.8259722
212.317,253.8259722
1517.47,1646.924548
258.72,253.8259722
283.727,253.8259722
220.098,253.8259722
222.254,253.8259722
248.417,253.8259722
1557.41,1646.924548
289.1,253.8259722
326.422,253.8259722
262.217,253.8259722
260.662,253.8259722
288.886,253.8259722
1931.86,1646.924548
349.859,253.8259722
381.927,253.8259722
220.696,253.8259722
214.565,253.8259722
241.374,253.8259722
1867.31,1646.924548
301.076,253.8259722
327.905,253.8259722
245.33,253.8259722
246.297,253.8259722
280.106,253.8259722
1920.95,1646.924548
335.111,253.8259722
370.549,253.8259722
293.491,333.5405222
289.801,333.5405222
319.765,333.5405222
2285.05,1646.924548
383.638,333.5405222
428.414,333.5405222
244.438,333.5405222
239.282,333.5405222
270.16,333.5405222
2225.32,1646.924548
342.019,333.5405222
375.99,333.5405222
272.695,333.5405222
273.083,333.5405222
310.363,333.5405222
2272.4,1646.924548
377.562,333.5405222
419.349,333.5405222
319.796,333.5405222
313.231,333.5405222
350.202,333.5405222
2641.95,1646.924548
434.328,333.5405222
468.256,333.5405222
268.964,333.5405222
263.374,333.5405222
296.398,333.5405222
2580.18,1646.924548
384.173,333.5405222
417.074,333.5405222
300.32,333.5405222
299.603,333.5405222
337.834,333.5405222
2618.16,1646.924548
420.837,333.5405222
465.698,333.5405222
338.491,333.5405222
338.204,333.5405222
380.405,333.5405222
3006.97,1646.924548
475.461,333.5405222
516.59,333.5405222
292.974,333.5405222
287.014,333.5405222
327.425,333.5405222
2933.21,1646.924548
427.422,333.5405222
460.094,333.5405222
325.172,333.5405222
322.177,333.5405222
368.801,333.5405222
2980.11,1646.924548
461.291,333.5405222
509.646,333.5405222
205.325,188.6690667
217.017,188.6690667
238.514,188.6690667
1218.33,1646.924548
267.228,188.6690667
285.635,188.6690667
172.285,188.6690667
168.539,188.6690667
187.235,188.6690667
1172.75,1646.924548
218.601,188.6690667
235.386,188.6690667
191.885,188.6690667
196.697,188.6690667
222.621,188.6690667
1217.31,1646.924548
248.314,188.6690667
270.757,188.6690667
238.794,188.6690667
240.125,188.6690667
264.1,188.6690667
1585.58,1646.924548
308.79,188.6690667
335.472,188.6690667
196.668,188.6690667
192.306,188.6690667
214.912,188.6690667
1523.65,1646.924548
260.787,188.6690667
284.148,188.6690667
221.761,188.6690667
222.833,188.6690667
253.05,188.6690667
1569.9,1646.924548
292.268,188.6690667
326.736,188.6690667
263.779,253.8259722
261.817,253.8259722
292.248,253.8259722
1934.89,1646.924548
350.539,253.8259722
383.523,253.8259722
221.54,253.8259722
217.47,253.8259722
244.236,253.8259722
1874.76,1646.924548
302.065,253.8259722
330.93,253.8259722
248.479,253.8259722
251.577,253.8259722
284.129,253.8259722
1923.11,1646.924548
338.499,253.8259722
375.828,253.8259722
296.424,253.8259722
292.132,253.8259722
321.365,253.8259722
2286.49,1646.924548
386.432,253.8259722
429.106,253.8259722
245.48,253.8259722
241.046,253.8259722
270.748,253.8259722
2231.08,1646.924548
343.824,253.8259722
377.482,253.8259722
273.169,253.8259722
272.865,253.8259722
311.549,253.8259722
2279.8,1646.924548
381.694,253.8259722
425.032,253.8259722
317.313,333.5405222
314.86,333.5405222
350.617,333.5405222
2643.58,1646.924548
434.804,333.5405222
467.612,333.5405222
269.376,333.5405222
263.914,333.5405222
300.05,333.5405222
2579.62,1646.924548
383.148,333.5405222
420.076,333.5405222
300.996,333.5405222
301.808,333.5405222
342.561,333.5405222
2623,1646.924548
421.622,333.5405222
466.14,333.5405222
337.592,333.5405222
341.604,333.5405222
382.72,333.5405222
2996.76,1646.924548
475.286,333.5405222
514.692,333.5405222
293.554,333.5405222
289.379,333.5405222
326.379,333.5405222
2929.63,1646.924548
425.78,333.5405222
462.47,333.5405222
326.388,333.5405222
329.277,333.5405222
370.111,333.5405222
2975.1,1646.924548
468.103,333.5405222
510.384,333.5405222
363.975,333.5405222
357.881,333.5405222
402.701,333.5405222
3346.38,1646.924548
510.684,333.5405222
558.029,333.5405222
320.522,333.5405222
310.786,333.5405222
353.062,333.5405222
3283.51,1646.924548
466.24,333.5405222
507.552,333.5405222
354.322,333.5405222
350.709,333.5405222
399.194,333.5405222
3321.44,1646.924548
506.919,333.5405222
561.765,333.5405222
239.39,282.2208072
242.414,282.2208072
268,282.2208072
1575.59,2908.773077
315.504,282.2208072
332.444,282.2208072
196.744,282.2208072
194.148,282.2208072
217.582,282.2208072
1529,2908.773077
262.347,282.2208072
283.006,282.2208072
220.991,282.2208072
226.495,282.2208072
259.549,282.2208072
1576.3,2908.773077
295.027,282.2208072
322.337,282.2208072
266.793,282.2208072
260.416,282.2208072
297.679,282.2208072
1939.49,2908.773077
350.896,282.2208072
383.709,282.2208072
222.277,282.2208072
217.933,282.2208072
246.506,282.2208072
1879.8,2908.773077
304.731,282.2208072
331.312,282.2208072
248.797,282.2208072
251.765,282.2208072
288.411,282.2208072
1923.74,1638.13071
339.129,229.8621471
376.685,229.8621471
300.002,289.5919095
291.8,289.5919095
324.342,289.5919095
2286.12,1638.13071
386.912,289.5919095
430.355,289.5919095
245.473,289.5919095
241.745,289.5919095
273.512,289.5919095
2229.74,1638.13071
344.623,289.5919095
378.046,289.5919095
276.974,289.5919095
277.805,289.5919095
316.915,289.5919095
2283.22,1638.13071
383.695,289.5919095
425.183,289.5919095
317.215,289.5919095
317.522,289.5919095
353.063,289.5919095
2636.51,1638.13071
434.732,289.5919095
467.756,289.5919095
272.787,289.5919095
264.234,289.5919095
300.405,289.5919095
2581.91,1638.13071
385.826,289.5919095
422.343,289.5919095
304.788,289.5919095
300.527,289.5919095
343.215,289.5919095
2630.33,1638.13071
421.167,289.5919095
466.643,289.5919095
340.049,369.4563841
340.094,369.4563841
386.184,369.4563841
3004.91,2781.171644
475.07,369.4563841
512.39,369.4563841
297.553,369.4563841
289.962,369.4563841
329.261,369.4563841
2933.98,2781.171644
426.264,369.4563841
466.397,369.4563841
330.953,369.4563841
328.367,369.4563841
375.195,369.4563841
2984.98,2781.171644
467.378,369.4563841
517.198,369.4563841
364.971,369.4563841
361.36,369.4563841
403.293,369.4563841
3340.7,2781.171644
514.337,369.4563841
557.229,369.4563841
320.287,369.4563841
311.306,369.4563841
354.196,369.4563841
3274.92,2781.171644
465.638,369.4563841
510.131,369.4563841
354.811,369.4563841
350.561,369.4563841
399.705,369.4563841
3339.25,2781.171644
506.462,369.4563841
562.855,369.4563841
389.443,369.4563841
384.295,369.4563841
429.437,369.4563841
3691.04,2781.171644
554.388,369.4563841
602.584,369.4563841
345.769,369.4563841
334.266,369.4563841
383.972,369.4563841
3630.25,2781.171644
505.488,369.4563841
546.687,369.4563841
382.979,369.4563841
374.027,369.4563841
432.434,369.4563841
3686.21,2781.171644
546.866,369.4563841
605.078,369.4563841
267.928,287.7347944
274.107,287.7347944
302.235,287.7347944
1931.09,1638.13071
353.732,287.7347944
385.583,287.7347944
221.383,287.7347944
221.444,287.7347944
246.65,287.7347944
1885.51,1638.13071
304.349,287.7347944
331.591,287.7347944
252.079,287.7347944
256.457,287.7347944
288.063,287.7347944
1935.62,1638.13071
340.159,287.7347944
374.457,287.7347944
289.429,287.7347944
296.023,287.7347944
327.621,287.7347944
2294.39,1638.13071
391.629,287.7347944
433.209,287.7347944
247.021,287.7347944
241.889,287.7347944
276.367,287.7347944
2233.04,1638.13071
346.857,287.7347944
378.251,287.7347944
277.343,287.7347944
278.207,287.7347944
320.737,287.7347944
2283.97,1638.13071
382.754,287.7347944
425.3,287.7347944
317.542,351.7323389
317.884,351.7323389
357.181,351.7323389
2646.31,1638.13071
435.574,351.7323389
466.507,351.7323389
271.78,351.7323389
267.453,351.7323389
304.785,351.7323389
2583.52,1638.13071
386.258,351.7323389
422.732,351.7323389
305.556,351.7323389
301.099,351.7323389
351.019,351.7323389
2633.06,1638.13071
426.843,351.7323389
474.844,351.7323389
340.351,351.7323389
341.351,351.7323389
384.781,351.7323389
2998.15,1638.13071
476.303,351.7323389
513.644,351.7323389
296.584,351.7323389
289.95,351.7323389
330.465,351.7323389
2936.66,1638.13071
426.654,351.7323389
466.557,351.7323389
331.844,351.7323389
328.769,351.7323389
376.777,351.7323389
2992.62,1638.13071
466.938,351.7323389
518.801,351.7323389
365.209,431.1639926
360.984,431.1639926
400.07,431.1639926
3350.64,2781.171644
513.912,431.1639926
559.861,431.1639926
319.823,431.1639926
312.427,431.1639926
357.579,431.1639926
3276.84,2781.171644
465.802,431.1639926
511.207,431.1639926
355.633,431.1639926
352.045,431.1639926
406.249,431.1639926
3329.48,2781.171644
508.081,431.1639926
561.62,431.1639926
391.6,431.1639926
385.867,431.1639926
431.101,431.1639926
3697.89,2781.171644
555.574,431.1639926
604.849,431.1639926
346.506,431.1639926
335.104,431.1639926
384.32,431.1639926
3634.64,2781.171644
509.104,431.1639926
556.355,431.1639926
382.964,431.1639926
374.679,431.1639926
432.61,431.1639926
3687.18,2781.171644
547.3,431.1639926
611.155,431.1639926
419.966,431.1639926
407.916,431.1639926
459.111,431.1639926
4047.76,2781.171644
597.359,431.1639926
651.398,431.1639926
370.923,431.1639926
360.403,431.1639926
410.636,431.1639926
3981.36,2781.171644
549.431,431.1639926
599.811,431.1639926
406.114,431.1639926
403.104,431.1639926
459.323,431.1639926
4039.04,2781.171644
593.803,431.1639926
654.309,431.1639926
298.49,287.7347944
295.097,287.7347944
330.011,287.7347944
2296.78,1638.13071
395.285,287.7347944
430.451,287.7347944
248.563,287.7347944
245.632,287.7347944
278.179,287.7347944
2236.46,1638.13071
347.77,287.7347944
379.15,287.7347944
279.184,287.7347944
285.02,287.7347944
323.396,287.7347944
2289.31,1638.13071
386.942,287.7347944
423.373,287.7347944
318.8,287.7347944
319.324,287.7347944
360.705,287.7347944
2649.47,1638.13071
439.724,287.7347944
468.255,287.7347944
272.464,287.7347944
268.132,287.7347944
304.111,287.7347944
2589.24,1638.13071
387.081,287.7347944
423.544,287.7347944
305.05,287.7347944
306.203,287.7347944
353.904,287.7347944
2637.37,1638.13071
427.269,287.7347944
473.716,287.7347944
341.897,351.7323389
342.977,351.7323389
387.087,351.7323389
2998.08,1638.13071
478.935,351.7323389
515.107,351.7323389
296.364,351.7323389
291.082,351.7323389
333.349,351.7323389
2942.45,1638.13071
427.241,351.7323389
467.04,351.7323389
331.128,351.7323389
329.318,351.7323389
380.531,351.7323389
2996.89,1638.13071
467.367,351.7323389
517.576,351.7323389
365.69,351.7323389
363.102,351.7323389
404.244,351.7323389
3343.28,1638.13071
516.315,351.7323389
561.329,351.7323389
322.741,351.7323389
312.476,351.7323389
358.19,351.7323389
3277.9,1638.13071
468.991,351.7323389
514.055,351.7323389
361.541,351.7323389
351.591,351.7323389
405.38,351.7323389
3335.02,1638.13071
506.924,351.7323389
568.792,351.7323389
394.435,431.1639926
386.287,431.1639926
432.666,431.1639926
3703.4,2781.171644
556.551,431.1639926
609.832,431.1639926
347.081,431.1639926
338.273,431.1639926
385.019,431.1639926
3628.81,2781.171644
509.058,431.1639926
557.616,431.1639926
383.826,431.1639926
373.99,431.1639926
433.039,431.1639926
3688.64,2781.171644
553.105,431.1639926
611.526,431.1639926
421.288,431.1639926
409.726,431.1639926
460.597,431.1639926
4052.69,2781.171644
597.641,431.1639926
655.096,431.1639926
369.5,431.1639926
361.163,431.1639926
415.119,431.1639926
3991.87,2781.171644
549.587,431.1639926
601.159,431.1639926
407.835,431.1639926
403.725,431.1639926
468.669,431.1639926
4044.75,2781.171644
593.526,431.1639926
657.554,431.1639926
445.829,431.1639926
433.909,431.1639926
488.199,431.1639926
4396.85,2781.171644
636.657,431.1639926
700.314,431.1639926
396.194,431.1639926
384.673,431.1639926
444.1,431.1639926
4341.18,2781.171644
590.737,431.1639926
643.311,431.1639926
435.187,431.1639926
426.13,431.1639926
493.09,431.1639926
4392.68,2781.171644
633.52,431.1639926
699.981,431.1639926
